req,res
북한 교육제도에 대해 알아봤는데 학교 명칭부터 다르더라,나도 들어봤어 초등학교를 소학교라 부르던데
"사회라는 과목도 존재하지 않고, 도덕은 사회주의 도덕이라 부른대",와 남한이랑 많이 다르네
대학교는 김일성종합대학이 최고의 학교인가봐,"고등학교는 수학,물리 비중이 높다며"
그러게 소수도 씨수라고 부른다더라,북한 교육이랑 남한교육이랑 정말 다르게 많다
운전하다보면 버스 가끔 타도 멀미나는 거 같아,맞아 나도 그랬었어
근데 버스만 계속 타면 멀미나는지 모르겠더라,그렇긴하지 그래도 버스만 계속 타고 다닐순 없잖아
근데 신기한데 기차 타면 멀미 안하더라,맞아 운전 계속 하다가 기차 타면 멀미 안해 ㅋㅋ
근데 왜 버스만 멀미할까?,그러게 폐쇄된 공간에 사람이 많아서 인가?
그럴수도 있겠네! 오랜만에 버스탔더니 힘들어ㅠㅠ,그럼 오늘 푹쉬어!
어젯밤에 맛있는 거 먹고 잤어?,어제 떡볶이 타임이었어요 ㅋㅋ/주 1회에 한 번 먹는 떡볶이/언닌 뭐 먹었어요? 저녁에
무슨 떡볶이 먹은 거야?,저는 어제 감탄 떡볶이요./먹어본 적 있어요?
새로 생긴 프렌차이즈야?,원래는 아딸이었어요/감탄으로 바꿨다고 하더라고요/언니는 떡볶이 좋아해요?
주로 체인점에서 사 먹어?,네 주변에 개인 떡볶이 집이 있어요/떡볶이랑은 뭐랑 같이  먹는 거 좋아해요?
넌 떡파야?,네 저는 강경 밀떡파입니다./언니는 쌀떡하고 밀떡하고 뭘 더 좋아해요?
아... 나는 쌀떡인데 우리 여기까지인가 봐.,저희는 정말 같이 갈 수 없는 사이인가 봐요./안타깝네요.
우리는 같이 분식을 먹으러 갈 수가 없어.,안타깝네요./즉석떡볶이 좋아하세요?
다음에 같이 먹으러 가자.,좋아요/다음에 밀떡도 쌀떡도 좋으니까 같이 먹으러 가요
요즘 아침마다 집에 매미가 붙어서 노래 부르는데 환장하겠어.,와 진짜 생각보다 그 소리 크던데.../방충망에 붙어있는 거예요?
응. 아니 우리 집 15층인데 매미가 어떻게 기어올라 온 건지... 너네 집은 어때?,저희 집은 3층인데 매미 소리가 크게 들리진 않아요./주변에 나무가 없어서 그런가 근데 어제 나방은 들어왔어요...ㅠ
세상에... 집에 방충망 없었어?,있는데 대체 어디로 들어온 건지.../동생이 그나마 덜 무서워해서 잡아줬어요./저는 그래서 정말 고층에서 살아보고 싶어요. 한 25층 이상 ㅋㅋ
매매로 사구 싶다!,매매 좋죠./언제 쯤 제 집을 마련하게 될까요/아무래도 마련하게 돼도 거의 은행집이겠죠? ㅋㅋ
아직 집을 사도 괜찮은 거 같아?,이사 다니는 거 힘들어서 집 있었으면 좋겠어요./하지만 아직 상황이 안 돼서 힘들어요 ㅠㅠ/언니는 언제 집 매매 계획 있으세요?
집 사기에는 요즘 금액이 너무 많이 오르지 않았어?,그렇죠? 근데 앞으로도 떨어질 일은 별로 없다고 봐서... 어쩔지 모르겠어요/저는 부알못이기도 하고요./언니는 어떻게 보세요?
저는 집 살 계획이 있는 거야?,지금은 말고 나중에는요? ㅋㅋ/근데 서울 너무 비싸서 경기권으로 알아보게 될 것 같아요/막상 집을 사게 되면
마음에 쏙 드는 집 구하길 바랄게~,넵넵 다음에 또 얘기해요~
대학생 때 직장 생활에 대한 로망 있었어?,음 돈 버는 멋진 사람인 느낌?/사실 어렸을 때부터 일하는 거에 대한 막연한 두려움이 있었어요./언니는 무슨 로망이 있었어요?
월급 받고 사고 싶은 거 다 사는 로망이 있었는데 그렇지는 않더라구.,그죠. 로망이랑 현실은 확실히 다른 것 같아요. ㅠㅠ/언니는 지금까지 어떤 알바를 해봤어요?
문구점 알바 했었던 게 생각나는데 너는 제일 처음 한 알바는 뭐였어?,첫 알바가 편의점이었어요. 제대로 일한 건/그전엔 단기 아르바이트만 했었어요/언니는 단기로 많이 했어요 장기로 많이 했어요?
난 대부분 잠깐잠깐이었는데 문구점은 2년 가까이 했었어.,문구점은 어때요?/일이 어렵지는 않았어요?
문구점에서 파는 간식도 얻어먹을 수 있었고!,오오 좋았겠어요!/저도 편의점 알바할 때는 뭘 공짜로 먹은 건 아니지만 늘 끝날 때 뭐 사 먹으면서 퇴근했었어요 ㅋㅋ
편의점 업무는 어떤 게 있어?,발주한 물품 들어오면 정리하고 청소하고 카운터 업무 보고  저희 로또까지 해서 로또까지 했어요~/혹시 더 편의점에 대해서 궁금한 거 있으세요?
편의점은 도난 사건이 많아서 알바생이 늘 메꿔야 한다던데 그게 진짜야?,음 그런 건 아니고 시재가 비면 채워 넣는다고 들었는데 저희 사장님은 그렇지는 않았어요/아 생각해보니까 민증 검사하는 게 좀 힘들었어요
게다가 진상도 많았을 거 같고 네가 정말 고생이 많았네.,그래도 좋은 경험이었던 것 같아요~
군대 가보고 싶다 생각한 적 있니?,아니요 절대요./규칙적인 생활도 못하고 체력도 안 좋아요/혹시 언니는요?
학생 때 군대 육군 체험 가는 친구가 있어서 살짝 궁금하긴 했었었어.,오 혹시 그럼 여자도 군대에 가야 한다는 얘기에 대해서 어떻게 생각하세요?
현재 징집되면 사람들도 피할 수 없어서 가는 거니까. 너는 어떻게 생각해?,저도 다 가야 한다면 가야겠지라고 생각이 들긴 해요./참 어려운 문제인 것 같아요/요즘 이슈도 되고... 혹시 주변에 독특한 보직으로 군대 간 사람 있었어요?
독특한 보직이 뭐가 있니?,음... 트럼펫?/전에 들은 건데 유해발굴감식단이란 게 있대요/독특하죠?
전쟁 때 사망하신 분들의 유골을 발견하는 거야?,네 그런 것 같아요./저는 잘 모르지만요./혹시 여자인데 군대 가고 싶어 하는 사람 주변에 있었어요?/저는 제 동생 어렸을 때 꿈이 군인이었어요
동생은 어떤 군인이 되고 싶었대?,그런 건 잘 모르겠고 규칙적인 생활이 좋아서 군인이 되고 싶었대요
지금도 동생은 군인이 꿈이라고 해?,지금은 아니에요/다른 쪽 꿈을 꾸고 있어요./지금은 집 주변에 군대가 있어요 신기하죠 하
군부대가 주변에 있으면 집에 있을 때 군인 자주 보겠다~,네 출퇴근하는 군인들  자주 봐요 ㅋㅋ
어떤 자격증을 가지고 있어?,저는 일본어 자격증하고 공인중개사 자격증을 가지고 있어요./언니는 어떤 자격증이 있으세요?
나도 일본어 자격증이 있고 속기 자격증이 있어.,오 언니 일본어 자격증 있는 건 처음 알게 된 사실이에요/혹시 일본어는 어디서 배우셨어요?
이웃집에 일본인분이 계셨어서 제2 외국어 겸 그때 배우게 됐어.,오 그러셨구나/저는 학원을 통해서 배우게 됐어요/혹시 언니는 공부 과목 학원은 많이 다니신 편이에요?
학원은 생각보다 내 취향이 아니더라구 일본어도 재밌어서 학원 갔는데 두 달 하고 관뒀었어.,저도 학원파는 아니더라고요./언니는 아이들 조기 교육에 대해서 어떻게 생각하세요?
어떻게 다들 부지런하게 그렇게 준비를 할 수 있을까?,저는 아이들 때만 놀고 느끼고 배울 수 있는 게 있는데 그런 걸 놓치고 공부에만 열중할까 봐 좀 걱정되는 게 있긴 해요.
한편으론 그런 교육을 받을 기회가 없는 것도 안타까운 일 중의 하나가 아닐까 싶어.,또 그렇게 들으니까 그렇네요./그런 기회를 가지는 것도 어떻게 보면 축복이겠죠?
결국 교육을 해보고 계속할지 안 할지는 아이의 선택인데 그것만 어른이 강요하는 게 아니면 괜찮지 않을까 난 생각해.,좋은 말이라고 생각해요./강요가 없는 세상이 됐으면 좋겠어요.
너는 자기계발을 위해서 또 어떤 공부를 할 거니?,1 : 어떤 자격증을 가지고 있어?
부모님 중에 어느 분이랑 더 친한 것 같아?,저는 엄마요./아빠와 엄마 중 고르자면요./언니는 어떠세요?
난 어릴 적에는 엄마였던 거 같은데 크면서 아빠랑 더 친해지게 됐어.,아빠랑 저는 사이가 안 좋아서 아빠랑 친한 느낌이 어떤 건지 궁금해요./혹시 아빠랑 좋은 추억 있으세요? 간단하게라도...
이제 보니 아빠랑 나랑 취향이 너무 잘 맞았어.,좋았겠어요/옛날엔 몰랐는데 확실히 남는 건 여행에서 좋은 기억과 사진뿐인 것 같아요. 하하/언니는 가족여행 어디로 갔었어요?
친척 중에는 친한 사람 있어?,친척은... 음 이야기하자면 길어서요. ㅠㅠ/저는 어쨌든 가까운 가족이라곤 엄마 동생 뿐이에요~/언니는 자주 왕래하는 친척 있으세요?
이종사촌이랑은 어릴 때부터 잘 지냈는데 근처에 살아서 연락은 종종 주고받아.,아 그렇군용 하하/혹시 그럼 언니 부모님께 드렸던 선물 중에 기억에 남는 것 있으세요?
엄마한테 가방을 사 드렸는데 엄마가 자기 취향 아니라고 이모한테 준 게 생각나네 ㅋㅋ,ㅋㅋ 저는 엄마 월급으로 내의 사드렸던 기억이 나요./혹시 오빠한테는 선물 주거나 받은 기억 있으세요?
너네는 어땠어?,매 생일마다 선물 주고 받고 하는 거랑 가끔 필요한 거 사주긴 해요/저 힘들 때 좋아하는 거 사준다고 했었는데 그게 좀 감동이었어요
여동생 정말 부럽다~,막 좋기만 한 건 아니지만 좋은지 나쁜지로 나누면 좋은 동생이라고 생각해요 하하
학교에 반려동물 키워본 적 있어?,학교에서 없어요./안 그래도 생각해 보니까 다른 학교는 학교에서 키우는 동물도 있다고 하는데 저희는 없었네요 ㅠ/언니는 있었어요?
우리 학교도 그런 건 없었는데 친구가 선생님 몰래 햄스터를 키웠었어.,학교에서 키웠었던 거예요? 선생님 몰래?
맞아. 교실에서 키웠었는데 햄스터가 원체 조용해서 반 애들이 말 안 하면 몰랐을 정도였어.,와 그러네요/근데 뭔가 신기해요 그렇게 티 안 나게 기를 수 있다는 게/혹시 언니는 주변인 반려동물한테 선물해본 적 있어요?
선물은 아니고 어릴 때 병아리를 키웠는데 감당하기 벅차서 주변에 키우고 있던 친구에게 보낸 적은 있었어.,마음이 좋지 않았을 것 같아요. ㅠㅠ/저는 어렸을 때 키우다 많이 죽었어서 그때마다 엄청 슬펐거든요
어... 아냐... 죽지는 않았는데 친구가 잘 키워서 삼계탕 끓여 먹었다고 들었어.,허어어어류 ㅠㅠ/너무 속상한 얘기예요./뭐 어쩔 수 없는 건가./저는 지금 거북이 길러요!
자라면 몸보신인데 거북이는 아니겠구나.,ㅋㅋ 아니랍니다./아마 오래 살 것 같아서 가보로 물려줄 것 같아요./아 근데 저 결혼 안 할 건데 누구 물려주죠.
반려동물이고 대대손손 맡기려면 족보라도 만들어야 할까?,ㅋㅋ 진짜 물려주게 되면 족보 만들어야겠어요./누구한테 언제 물려줬는지 어때요?/괜찮겠죠?
거북이 새끼도 놓고 오래도록 장수했으면 좋겠다~,이건 다른  말인데 거북이 알 낳는 꿈이 그렇게 돈을 많이 버는 꿈이래요~
게임은 몇 살 때부터 시작했었어?,"저는 초등학교 1, 2학년 때부터 시작했던 것 같아요 하하/아빠가 컴퓨터를 잘 다루셨거든요./아 디디알도 집에 있었어요"
오락실도 가 봤어?,네 오락실 가봤어요~/가서 처음으로 브이알 게임도 해봤어요/재밌더라고요/언니는 혹시 가봤어요?
지금도 귓가에 버터플라이가 재생되고 있는 거 같아 ㅋㅋ,ㅋㅋ 노래 들어보고 싶어요 하하/저는 디디알을 집에서 했었던 기억이 있는 게 신기해요/언니 디디알 잘하는 편이세요?
테트리스 좋아해?,네 좋아해요 잘하지는 못하지만/동생이 테트리스는 잘해요/저는 음 애니팡이나 사천 캔디 크러시 같은 게임도 좋아해요
맞아. 캔디 크러시 너무 재밌고 비슷한 류로 행복의 저택하는데 요즘 다른 게임한다고 몇 달째 안 하고 있네.,저도 지금 지우지는 못하고 계속 깔려있는데 그래도 한번 하기 시작하면 되게 자주해요/너무 재밌어요
요즘에는 무슨 게임 해?,요즘은 네코아츠메라고 고양이 키우는 게임해요/먹이 주고 고양이가 가져온 멸치로 장난감 사고 그래요/혹시 들어본 적 있으세요?
그 게임 너무 귀여웠었어. 장난감 사서 두면 고양이가 와서 가지고 놀구!,네 저 그거 지금 모든 장난감이랑 모든 집 다 사고 끝내려고 열심히 하고 있어요/원래 게임하면 끝장 봐야 하는 스타일이라서요 ㅋㅋ
수집 게임은 그런 점이 가장 마상인 것 같아~,그렇군요. 언니가 마음의 상처를 입었군요./다음에 또 이야기해요~
코로나 시국에 국내든 해외든 여행 가는 사람 어떻게 생각해?,음... 이제는 그냥 그런가 보다 해요/해외도 2주간 자가격리할 각오 있으면 가는 거고 국내도 방역 수칙 잘 지키면 문제없다고 생각해요~/너무 지쳤잖아요 ㅠㅠ
맞아. 이해가 가는데도 해외여행은 좀 꺼려지게 되더라구 ㅠ,그쵸 아무래도 해외는 나가면 걸리는 게 불문율 같아서요./어쨌든 여행으로 나가면 거기서 자가격리 여기서 자가격리 한 달은 걸리니 보통 마음가짐으로 안 될 것 같아요
넌 여행 계획 세우고 있는 거 있어?,해외여행은 그냥 어디 가고 싶다. 이 정도만 있고 친구들이랑 시간 맞으면 제주도는 가고 싶어요/빠른 시일 내에 되면 좋겠지만  ㅠㅠ
친구들이랑 여행 가게 되면 많이 틀어진다고 하던데 너는 어땠어?,저희는 지금 멤버로 해외여행도 다녀보고 국내 여행도 다녀봤는데 크게 문제는 없었어요/다들 성향이 맞는 스타일인 것 같아요/아무래도 여행은 잘 맞아야 되는 것 같아요
다들 어떤 성향이었어?,음 계획 짜는 거 좋아하고 딱히 다들 뚜렷하게 이걸로 해야 한다고 주장하는 친구도 없고 다들 둥글둥글해요/그래서 부딪히질 않았어요 하하
계획 짜서 가는 거면 여행사를 통해서 여행을 하지는 않았던 거야?,네네 저희끼리 움직이고 자유로운 게 좋아서 여행사를 통해서 가려고는 생각해보지 않았어요~/언니는 여행사 통해서 여행 가본 적 있으세요?
나는 최근에 몰디브 가려고 여행사를 통해서 예약을 했었는데 코로나 때문에 무산이 되었어.,아 ㅠㅠ 정말 코로나가 여럿 계획 망치고 있어요./저는 코로나 끝나면 대만 또 가보고 싶어요/이번에는 동생이랑 가보고 싶어요/친구들이랑만 가봤거든요
얼른 끝나라 코로나~,빨리 끝났음 좋겠다. 이놈의 코로나 ㅠㅠ
아니 이번 주 내내 비 온다고 하지 않았어?,그러니까요./또 속았어요/있는데 없어요./있었는데 없어졌어요./레인부츠 별로 개시도 못했는데 속은 기분이에요.
아... 며칠 전에 비 왔던 날 저녁에 시원해서 좋았는데 다시 폭염이 되었어.,그니까요/요 며칠 살 것 같았는데 오늘 점심에 잠깐 나갔는데도 더워 죽는 줄 알았어요./언니는 비 오는 거 좋아하세요?
비에 젖을 일 없이 백색 소음을 만끽할 수 있잖아?,맞아요 저는 장마를 좋아하는 건 아니지만 어쩌다 오는 비는 너무 좋아요/언니가 말한 백색 소음 같은 분위기도 좋고요~
전에 비바람이 불었을 때는 백색 소음은 무슨 무서웠을 정도였어.,와 그때는 아직도 잊을 수 없어요.
물에 빠진 생쥐가 되지 않았니.,맞아요 ㅠㅠ/그때 제 앞 사람 우산 뿌러지고 거의  수영하고 나와도 그거보단 덜 젖었을 거예요
정말이지 곧 입추라는데 이 더위는 언제 사라지는 건지 모르겠어.,ㅋㅋ 수영 안 좋아하긴 해여./입추 매직이 옛날엔 있었는데  지금은 없다면서요. ㅠㅠ/9월은 돼야 할까요.
10월은 지나야 시원할 거 같아.,아휴 멀다 멀어./혹시 언니 눈 내리는 건 어때요?
그냥 가을이 어서 왔으면~,가을 좋아요. 천고마비의 계절... 혹시 가을에 즐겨 먹는 거 있어요?
요즘 중국 너무 괘씸한 거 같지 않아?,맞아요 옛날엔 일본이 제일 싫었는데 이제는 일본하고 중국하고 어디 사라지게 해준다고 물어본다면 저는 중국이에요.
차라리 패권 싸움으로 시끄럽기만 하면 보겠는데 요즘 도를 넘는 거 같아,맞아요. 아주 자기들이 뭐라도 된 마냥... 중화사상도 너무 심하고 아주!
요즘 그래서 뭘 하려고 하든 중국 자본이 들어갔는지부터 보게 되는 거 같아,맞아요 요즘은 아주 드라마 쪽까지 엄청 내다보던데요./간 떨어지는 동거는 우리나라 웹툰 원작인데 중국 자본이래서 안 보고 있어요
정말 그래서 전에 빈센조도 비빔밥이 중국어로 나오는 장면 보고 이 드라마를 계속 봐야 하나 고민도 했었다니까...,빈센조도 중국 자본이었군요./몰랐어요... ㅠ/요즘  진짜 여기저기 모르는 사이에 중국이 많이 침투한 것 같아요.
최근에 홍콩 얘기 들었어?,네 얘기는 들었어요./중국 아주 괘씸해요/진짜 하는 짓이 양아치예요.
인권이 없었어.,중국은 왜 그렇게 자기밖에 모를까요./교육도 거의 세뇌 수준이라 눈막귀막 중국인들하고 얘기하면 속 터질 것 같아요
생각하는 게 너무 소국이야. 땅만 대국이고...,맞아요 그리고 자꾸 하나의 중국 타령하는데 꼭 갈래갈래 찢어졌으면 좋겠어요. 정말
홍콩도 대만도 위구르도 다 해방돼서 행복해졌음 좋겠어.,네 모두가 행복한 세상이었으면 좋겠어요~
주변에 다이어트에 성공한 사람이 있어?,네 제 동생이요!/통통했었는데 살 독하게 뺐어요/걔는 자기 관리를 잘해요
어떻게 했었대?,일단 식단을 알아서 잘 짜요/칼로리 계산하면서 운동도 하고 거의  먹는 것도 24시간 금식하기도 하고 그랬어요 하루에 한 끼만 먹고...
지금도 계속 그렇게 하고 있는 거야?,아뇨 지금은 더워서 저절로 빠진대요/아시다시피 저희 집이 에어컨이 없다 보니까 식욕 떨어져서 잘 안 먹게 되고 지금은 유지하고 있다고 해요
난 코로나 때 집콕 하면서 너무 먹었더니 먹는 대로 쪄서 걱정이야.,근데 한번 동생이 습관을 들이니까 그 다음은 수월하게 몸무게 조절하는 것 같더라고요/근데 제 동생은 진짜 좀 독한 편이에요 ㅠㅠ
정말 독한 것도 능력. 대단해.,그쵸? 걔는 다른 것도 독해요/그래서 뭘 해도 끈덕지게 성공하는 느낌이더라고요/아직 어리지만 많이 배워요/언니는 혹시 다른 거 더 관심 있는 미용 부분 있어요?
자르고 싶기도 하고 염색하고 싶기도 하고,염색 좋죠./근데 미용실 가는 것도 일이더라고요 ㅠㅠ/시간 너무 오래 걸리지 않아요?
그래도 마지막 샴푸할 때 두피 마사지해 주는 건 너무 좋더라구,맞아요 그 머리 감겨주는 게 얼마나 좋은지 ㅋㅋ/저도 그거 하나 좋아서 갈 땐 막상 좋아요
머리는 매번 고민인 거 같아~,그러니까요~/나중에 또 이야기해요~
쇼핑할 때 어떤 쇼핑몰 애용해?,저는 네이버 페이 애용해요/언니는요?
난 그냥 여기 저기 검색해.,아 쇼핑몰 그럼 쿠팡 많이 이용해요/배송이 빨라서요.
반품 같은 거 많이 해봤어?,아니요 저는 쓰면 그냥 써요/언니는 환불이랑 반품 해봤어요?
나 최근에 교환한 물건 있는데 반송할 물건을 가지러 오지 않아,왜 그럴까요?/왜 그런지 아세요?
분명 하루 이틀 안에 온다고 했는데 안 오네 ㅋㅋ,이상한 쇼핑몰이네요 이유도 안 알려주고
음식은 쇼핑몰 이용하는 편이야?,네 음식도 많이 살 때는 쇼핑몰 이용해요/언니는요?
난 야채나 과일 빼면 인터넷 주문하는 편이야 너무 무거워서...,그렇네요/아무래도 무게가 많이 나가니까요.
맞아. 온라인 쇼핑 너무 편한 거 같아,편한 게 최고인 거 같아요~
TV 프로그램 뭐 좋아해?,저는 런닝맨 좋아해요/언니는요?
좋아하는 개그맨 있어?,유재석 좋아해요/언니는 유재석 어때요?
난 네가 광수 좋아하는 줄 알았는데,광수도 좋은데 첫 번째는 유재석이에요 ㅋㅋ/언니는 광수는 어때요?
광수 재밌기만 했었는데 모델 사진 보니까 멋있어 보여서 놀랐어,그렇죠? 언니 혹시 런닝맨 본 적은 있으세요?
월요 커플 너무 좋아해서 ㅋㅋ,아 저도 강개리 진짜 좋아했어요.../언니도 개리 좋아했어요?
실제는 어떤지 모르겠지만,저도요/런닝맨 나간다고 했을 때 얼마나 슬펐는지 ㅠㅠ
맞아... 요즘은 광수 안 나오지?,네 언니 무한도전은 좋아했어요?
엄청 그리워~,저도 너무 그리워요~
이동욱이란 배우 너무 멋있지 않아?,네 너무 잘생기고 연기도 잘해요/이동욱 영화 봤어요? 나온 거?
자기 하는데 또 반함 ㅋㅋ,그랬구나/저는 김태리도 좋아해요/언니 김태리 알죠?/김태리 너무 예뻐 ㅠㅠ
알지 알지,김민희도 좋아했는데 너무 안타까워요... ㅠㅠ
김태리만 보자...,아가씨 너무 좋았는데 언니 아가씨 봤어요?
동성애를 다룰 줄 몰라서 좀 충격이었지만,저도 심야 영화로 봤었어요/언니 심화 영화 봤어요?
아니 그건 아직 못 봤는데 무슨  장르야?,아니요/제목이 아니라 시간이 심야대인 거요 ㅋㅋ
나 일찍 자서  심야 영화 잘 못 보는 편이야..,그렇구나/저도 한 번 봤는데 졸려 죽겠더라고요
ㅋㅋ 언제 나랑 영화 보러 가자!,네네 좋아요/나중에 봐요~
부모님 두 분 나이차는 얼마나 나세요?,한살 차이세요!/아빠가 빠른이라고 주장하시는데 엄마가 쓸데 없는 소리 하지말래요
오빠 있으시다고 들었는데 언니 있는 친구들 부럽기도 해요?,저는 언니 보다 오빠가 더 좋은 것 같아요!/근데 사실 오빠나 언니나 뭐 사이 좋으면 좋고 안 좋으면 안 좋은 건 매 한 가지 인것 같더라고요? ㅋㅋ/저는 사이가 좋은 편이라 하하
TV에서  보면  어렸을 때  막 TV 채널 내가 가지려고  리모컨으로  싸우던데 실제로도  그런 일이 있나요?,어휴 그냥 말만 하다가도 엄청 싸워요 ㅋㅋ/사실 둘다 어른 돼서 사이 좋은 거지 어렸을 때 엄청 싸웠어요
부모님과 코로나전에는 자주 여행다니셨어요?,네/오빠는 바쁘다고 같이 안가고  부모님과 저랑 셋이서 많이  놀러 다녔어요 ㅋㅋ/쌤은요?
오빠분이랑 나이는 얼마나 차이나세요?,오빠랑은 3살 차이나요!/94년생인데 제가 개띠랑 잘 안맞더라고요^^
가족끼리 식사는 다 같이 하시는 편이신가요?,네/되도록 이면 저녁은 다 같이 먹으려고 해요!
아버지 어머니 맞벌이세요?,아니요!/아버지만 일하시고 어머니는 가정부세요!
다른 가족분들 고모 이모 분들도 자주 만나시는 편이세요?,요즘 코로나라 다들 안 본지 엄청 오래 되었어요 ㅠㅠ 하하
아이는 낳고  싶으신 계획이 있어요?,저는 아기 낳고 싶어요!  쌤은요?
낳으시면 몇 명 낳고 싶으세요?,악 저도 자신은 없지만 뭐 자신 있는 상태에서 부모가 되는 경우는 없다고 생각해요!/닥치면 뭐 어떻게든 키우겠... 2명이요!
최근에 결혼식 다녀오신 적 있으세요?,결혼식이 2번 있었는데 둘다 코로나때문에 못갔어요 ㅠㅠ/그냥 축의금만 보냈어요 ㅠㅠ
코로나 전에는 돌잔치 결혼식 자주 참여하셨어요?,돌잔치는 한 번도 가본 적 없고 결혼식도 아직 많이 하는 나이대가 아닌 지라.../많이는 안 가봤어요
쌤은 돌잡이로 뭐 잡았어요?,저는 실 잡았어요!/장수 하겠다는 굳은 믿음!/쌤은요?
그래서 골프 전공 수업 에이쁠인가봐요 ㅋㅋ,우와 골프공은 처음들어봐요 ㅋㅋ/귀여워라/쌤은 만약에 결혼하면 신혼여행 어디로 가고 싶어요?
이모가 다녀오셨는데 좋다고 하셔서 쌤은 어디로 가고 싶어요?,저는 하와이나 몰디브?/둘 중에 하나는 가고 싶어요 ㅠㅠ/다들 너무 좋았다고 하는데.../갈 수 있을련지 ㅠㅠ
결혼은 언제쯤 하고 싶으세요?,옛날에는 일찍 하고 싶었는데 지금은 모르겠네요 허허 현실의 벽 하하
혹시 강아지 키우셨을 때  산책 자주 하셨어요?,어우 저희는 산책 정말 많이 했어요/하루에 3번이나 정말 못해도 2번은 했어요
3번이면 일단 산책 시켜주시는 주인도 힘들지 않아요...?,산책을 안 좋아하는 강아지는 없다고 생각합니다!/사실 힘든데 그래서 아빠가 주로 하셨어요 ㅋㅋ/산책 엄청 짧게 했어서 가능했던거 같아요!
아아! 강아지 용품들중에 추천해주실 만한 용품이 있을까요?,음... 냄새 탈취스프레이...!?/배변 보고 나서 닦고 뿌리면 냄새 안나요!
강아지 키울 때 사료 하나하나도  되게 신경써야 한다는데 사료는 주로  뭐 먹었어요?,집에 좀 남는데 가져다 줄게요^^/한 강아지가 좀 비만이었어서 비만 전용 사료 맥였어요 ㅋㅋ
ㅋㅋ 제가 동물을 하나도 몰라서 그러는데 비만 전용 사료면 사람으로 따졌을 때 막 다이어트식품처럼 그런거예요?,음 뭐랄까/사료인데 좀 지방부분을 없애고 좀... 담백... 이니까/맛이 없어서 안 먹으려고 한거 보면 비슷한거 같아요
그것조차 신기했어요 혹시 커플티 해보셨나요?,ㅋㅋ 뭔지 알긴 아는데 도저히 그건 용기가 안나더라고요
혹시 이구아나 키워보실 생각 있으세요?,이구아나 좀 좋아하시나봐요 ㅋㅋ/아니요... 이구아나... 아니요...
고슴도치는 어떠세요?,고슴도치는 괜찮을 것 같아요!  하하
친구분들끼리 만나면 술게임 자주 하시나요?,ㅋㅋ 사실 제가 대학생활을 많이 안 해서 술게임 거의 안 해봤어요 ㅋㅋ/쌤은 뭔가 프로의 느낌인데요?
핸드폰게임은 자주하세요?,아 그르네요 ㅋㅋ/핸드폰 게임 옛날에 붕어빵 타이푼?/그런 거 이후로 애니팡... 말고는 해본적이 없네요 ㅋㅋ
예전에 쿠키런 모두의 마블 이런것도 안 해보셨어요?,아 모두의 마블은 한 번해봤다가 재미 없어서 안하고 쿠키런도.../진짜 잠깐하고 그냥 지웠어요 ㅋㅋ/게임을 오래 안 하는 스타일이어서
1위에서 떨어지면 또 하고 또 하고 ㅋㅋ,우와우 1위라니 한번도 가 보지 못한 곳 ㅋㅋ/그 곳에 언니가 있었군요/쿠키런에서 무슨 캐릭터 제일 좋아했어요?
쌤은 바람의나라 해보셨어요?,헐 아니요/근데 그거 노래 좋다고 유명했던거 같기도 하고...?
제일 유명한 롤은  해보셨나요?,아니요!/롤... 본 적도 없네요 ㅋㅋ
파이어 인어 홀! 서든어택은 해보셨어요?,오빠 걸로 한 걸음 떼봤었는데 바로 헤드샷 당해서 죽었어요 헤헤
나중에 시간되시면 한번씩 해보세요~,그래야겠어요!/쌤도 게임 종종해요! 하하
이제 곧 저희 백신 접수할 때 되는데 바로 맞으실 예정이신가요?,저는 이미 준비가 되었습니다 ㅋㅋ/쌤은요?
저는 마음의 준비는 안됐는데 예약할 준비는 되었어요 ㅋㅋ,하 근데 이번에 예약 진짜 힘들것 같아요 ㅠㅠ
네이버 시계 틀어 놓고 무조건 시간 맞춰서 집에 있는 모든  컴퓨터와 모든 스마트폰을 이용하여 접속 해야해요!,끄아아아 혹시 진짜로 피시방 갈 정도로.../힘들까요?
피시방에도 사람 많을 수도 있어요!,집 컴퓨터는 데스크탑인데 그럼 폰 보다 빠르나요?
혹시 모르니 폰도 접수해보시고 오류떠서 튕길 수도 있으니 일단 켜 놓으세요!,오호 그래야겠네요/얘기 들어 보니까 우리나라 배구 4강 진출 했대요
이번에는 부담감이 더 클텐데,흐아아 대전표 나왔군요/몰랐넹.../그 잘생긴 선수 있다던데 그 분 알아요?
그 감독님께 뭐라는 거야 라고 하는 짤 유명하신거 봤어요!,아아아 맞아요/김희진 선수라는데 단발이었을 때 엄청 이쁘고 지금은 엄청 잘생겼더라고요 ㅋㅋ
우리 꼭 건강합시당,좋아요/진짜 코로나 없어지는 그날까지! 하하
화장에 관심 많으신 편이세요?,많은 편은 아닌데 맨날 하기는 해요!
화장 하실 때 어떤 부위를 주로 신경쓰시는 편이세요?,저는 눈이요!/요즘에는 마스크 때문에 눈밖에 안보이니까?
아이라인 어떤 제품 사용하세요?,저는 키스미 제품 즐겨 써요!/지속력이 짱짱이거든요
샴푸는 어떤 브랜드 사용하세요?,샴푸는 그냥 탈모방지.../그런 거 쓰는데 어디거 인지 모르겠네요 ㅠㅠ
피부는 주로  어떤 제품 사용하세요?,피부 중에서 어떤 거 말씀하시는 거에요?
쿠션 팩트라던지 비비라던지 선크림이라던지요!,흠... 쿠션은 나스꺼 쓰고 비비는 안쓰고 선크림은 일제이긴 한데 아넥사 써요!
틴트는 색깔도 다양하죠!,틴트 여러 가지 쓰기는 하는데 주위에서 그냥 준거 써요 ㅋㅋ/입생 하나있고?
바디 로션는 어디꺼 사용하세요?,바디로션은 그냥 엄마가 주는 거 발라서 브랜드 잘 모르겠어요 하하
건강을 자주 신경 쓰시는 편이신가요?,네!/제가 장이 쓰레기라 좀 챙기는 편이에요!
매년 건강검진은 받으시고 계세요?,요번에 한 번 받아봤어요!/쌤은 받아보셨나요?
내시경은 해보섰어요?,내시경 해봤어요!/요번에 위랑 대장 다 내봤어요
헐 그 수면내시경 하신거예요?,네!/선생님 수면 내시경 해 본 경험 있나요?
헛소리 안 하셨어요?,ㅋㅋ 헛소리 했는지 안 했는지도 모르던데요?/뭔가 주변사람이 있어야 알 수 있을 듯?
결과는 괜찮으셨어요?,아니/맨날 좀 체하고 장염 잘 걸려서 한 건데 지금처럼 잘 지내면 된대요 어이없어요 정말
다행이에요!,뭐 이상이 있거나 하지는 않은 거 보니까 스트레스래요!
스트레스가 모든 병의 원인이죠 ㅠ,요즘에도 스트레스 많이 받아서 걱정이에요 ㅠㅠ
전자랜드 이런 곳 가서 직접 구매 해보셨어요,쓰읍 아니요/하이마트 같은 곳을 말하시는 건가요?
직접가서 사시는 편이신지  온라인으로  사시는 편이신지요!,저는 주로 직접가서 사는 편인데 사 봤던 거는 온라인으로 사요!/쌤은요?
요즘엔 상세페이지가 잘 나와있어서 괜찮은 것 같아요,맞아요/뭐지 어제 남친이랑 통화하는데 오늘의 집으로 커튼 고르고 있더라고요 ㅋㅋ
저는 가구 말고는 아이디어스 자주 이용해요!,오오오 아이디어스 사 본 것 중에 추천하는 거 있나요?
선물용 토퍼가 많아요!,토퍼가 뭔지 여쭈어봐도 괜찮나요?
제가 원하는 문구로 설정할 수 있어요!,아아아아 그거 알아요 맞아요/그거 아이디어스로 많이 사더라고요 ㅋㅋ/뭐지 그 돈 나가는 총 이런 것도 많이 사는 듯 하더라고요?
가격 비교할 때는 에누리닷컴 자주 이용해요!,에누리 닷컴 처음 들어보는데 왠지 믿음이 가는 추천이군요!
최저가 찾기에 딱 좋아요 한번 사용해보세요!,그럴게요!/좋은  정보 알려줘서 고맙습니다!
혹시 제일 좋아하는 드라마 뭐예요?,저는 시그널 정말 재미 있게 봤어요!
기억이 잘 안나네요,그거 tvn이었나 거기였을걸요?
그거 말고는 무슨 드라마 또 재미 있었어요?,음... 지금 생각나는 거는 미스터 션샤인이요!/혹시 보셨나요?
혹시 좋아하시는 방송사도 티비엔이세요?,네!/대부분 티비엔 드라마들 이 짱짱 재미 있더라고요?/최근에 본 드라마 뭐에요?
보셨어요?,아니요/저는 펜트하우스 본적 없어요!/즐겨 보시나요?
정말 막장이라 이제는 시즌3라 의리로 보고 있어요!,호오 들어보면 막 죽은 사람들 다 살아난다고 하던데 ㅋㅋ
대박 부동산도 재밌었어요!,아 순간 진짜 좀비 드라마 라는 줄 알았어요 ㅋㅋ/대박 부동산 남친이 보던데 하아 나 빼고 다보네요
ㅋㅋ 그거 결말이 생각보다 괜찮았어요 !,오오오 나중에 시험 끝나면 봐야겠네요!
만화 보시는 거 좋아하세요?,저는 웹툰을 즐겨봐요!/쌤은 보시나요?
웹툰은  어떤 게 재밌나요?,저는 주로 네이버 웹툰에서 대학일기 그리셨던 자까님 작품이나 모죠의 일기 그런 거 생활웹툰 재미있다고 생각해요 크크/혹시 아시나요?
영화는 어떤 장르 좋아하세요?,아 모죠의 일기는 모죠라는 작가님이세요!/영화는... 디즈니 아니면 마블이나.../이거 두개를 제일 좋아하네요 ㅋㅋ/쌤은요?
최근에 개봉한 블랙위도우도 보셨어요?,당연히 봤습니다 ㅠㅠ/오랜만에 본 블록버스터 영화라 진짜 반가웠어요!/혹시 영화 시사회 같은 거 가신적 있나요?
가보신거 있으세요?,저도 없어요 ㅠㅠ/저 아는 분은 영화 정말 좋아하셔서 그런 거 몇번 가보셨었는데 진짜 재미 있대요 ㅠㅠ/영화배우들 직접 볼 수 있고 그렇다고 하더라고요!
웹툰말고 TV에서 하는 만화중에서는 어떤 거 보셨어요?,저는 어렸을 때는 그냥 빛의 전사 프리큐어 막 이런거?/레미레미도레미 이런거 봤어요 ㅋㅋ
저는 도라에몽 짱구 아따맘마 다다다 좋아했어요!,엄마가 짱구 보면 버릇 나빠진다고 투니버스를 안나오게 하셨어요... ㅠㅠ/그래서 도라에몽이랑 짱구랑 아따맘마 이런거 다 못보긴 했는데 친구집 가서 짱구를 보긴 했네요 ㅋㅋ/혹시 짱구 극장판 이런거 보셨었나요?
뭔가 그 짱구만의 엉뚱한 목소리가 아니라서 투니버스에서만 봤어요!,헐 짱구 목소리 달라요?/몰랐어요.../추억 돋네요 하하
평소에 음료 어떤 거 마셔?,나는 달달한 음료를 주로 마셔/너는 어떤 거 마셔?
나는 아이스 아메리카노도 좋아하고 달달한 것도 가끔 마셔!,제일 좋아하는 음식은 뭐야?
너는?,나도 떡볶이 좋아하고 곱창도 완전 좋아해!/그럼 안 먹는 음식은 있어?/나는 다이어트도 중요하다 생각하는데 것보다 피부가 중요하다고 생각해 개인적으로!/남자든 여자든 피부가 좋으면 인물이 사는 것 같더라구
다 잘 먹어,나도 안 먹는 음식은 거의 없지만 맛있는 것만 먹는다!
우리 저번에 배달시켜서 먹은 노티드 진짜 맛있었지?,맞아 먹어본 도넛 중에 진짜 손꼽히더라/오늘 점심은 뭐 먹을 거야?
넌 뭐 먹을 거야?,나는 못 사와서 뭐 먹을지 모르겠다/추천 좀 해줘!
컵밥도 종류가 다양해서 먹을 거 꽤 많던데 컵밥은 어때?,컵밥 좋지/이제 주말인데 저녁엔 뭐 먹을 거야?
양꼬치 좋아해?,완전 좋아하지/역삼에 맛있는 데가 있는데 안 정했으면 거기로 가는 거 추천해!
회사 출근할 때 보통 뭐 타고 와?,나는 버스랑 지하철을 타/출퇴근 시간이 얼마나 돼?
평소에 운전은 해?,아니 면허는 있지만 거의 안 해.../너는 면허 땄어?
나중에 차 사면 어떤 거 사고 싶어?,나는 어릴 때부터 갖고 싶은 차가 있었어/지프 랭글러 좋아해/나중에 경제력이 생기면 사야지 하하/너는 그럼 차 있어?
나도 나중에는 SUV 사고 싶어!,그래도 차 있으면 어디 다니기도 편하고 좋겠다 그치?
차 타고 다니는 거에 적응되니까 대중교통 타고 다닐 때 너무 힘들어 ㅠㅠ,평소에 대중교통은 어떤 이동 수단 좋아해?
평소에 길 잘 찾는 편이야? 아니면 길치야?,나는 엄청난 길치야/길도 모르면서 혼자 막 갈 때가 많아/그래서 놀림 좀 당했지 하하/버스 그럼 오래 타는 것도 괜찮아?
너는 버스랑 지하철 중에는 어떤 게 더 나아?,나도 당연히 버스지!/나는 답답한 걸 못 참아서 지하철은 불편해 해/버스 타고 다니면서 창밖 보면 은근 힐링이더라고/지하철은 어떤 게 별로야?
너는 어떤 점이 별로야?,지하철은 밖이 거의 안 보이고 꽉 막혀 있다는 점이 너무 싫더라고!
가까운 사람 중에 군대 갔다 온 사람 있어?,친구들도 몇 명 있고 오빠도 있지/너도 오빠 있다 했지?/오빠 군대 갔을 때 면회 갔었어?
그래도 힘들겠지?,맞아 기간도 갈수록 짧아지고 생활도 편해진다는 것 같은데/그래도 나도 가기 싫었을 것 같아/어릴 때 친구 면회도 가 봤어?
너도 면회 가 본 적 있어?,나는 간 친구들은 주변에 많았는데 면회를 간 적은 한 번도 없어 하하/맨날 간다 해 놓고 안 갔지/그래서 좀 궁금하기도 해/면회 가면 어떤 기분이야?
육군 해군 공군 중에 어디가 제일 힘들 거 같아?,나는 군대에 대해 사실 많이 몰라서 다 힘들 것 같지만 아무래도 특전사가 제일 빡세고 힘들 것 같아 그렇지?
막 유격 훈련 같은 거 하면 제대로 씻지도 못하고 일주일 동안 밖에서 훈련하고 그런다더라,으 난 그런 생활은 정말 못 견딜 것 같아/군대 가야 하는 상황이라면 그런 거 버틸 수 있을 것 같아?
남자들도 대단하지만 여군들도 진짜 대단한 거 같지?,응 어릴 때는 멋모르고 나중에 군대 가서 사람들한테 좋은 이미지가 돼야지 했는데 현실을 알고선.../군대 생활 중 어떤 게 제일 힘들 것 같아?
만약 돈 주고 군대 가라고 하면 얼마 정도 받아야 갈 거 같아? 하하,나는 워낙 힘든 걸 알아서 글쎄.../여름이면 더워서 고생 겨울이면 추워서 고생인데 돈으로 치면... 한 천만 원?/결국 안 가겠단 얘기지 ㅋㅋ/너는?
그치?,맞아 쉬운 일이 아닌데/대부분 어쩔 수 없이 가는 거겠지만 말야!/응응 하루 빨리 좀 상황이 나아졌으면 좋겠어/이제 불편한 것도 안 느끼고 싶어
예전에 학생일 때 학원 많이 다녔어?,음 나는 과외 몇 번 해 봤고 컴퓨터 학원 다닌 게 전부지/많이는 안 다녔어/너는 많이 다녔어?
컴퓨터 학원도 다녔으면 자격증도 있어?,자격증을 위해서 학원을 다녔지만 필기만 따고 실기에서 포기해 버려서 취득까진 못했어 ㅋㅋ/학원 많이 다녀서 따게 된 자격증도 있어?
외국어 공부 따로 하는 거 있어?,것도 맨날 해야지 해야지 하면서 안 하고 있다.../영어 공부는 꼭 해야겠다고 생각하고 있는데/너는 공부하고 싶은 외국어가 있어?
요즘에는 프랑스어나 독일어 같은 언어도 새롭고 재밌을 거 같아!,다들 배우면 좋은 외국어들이네/그런 거는 배우면 학원에서 배우려고 하는 거야?
혼자 하면 잘 안 하게 되려나?,그건 확실히 개인차가 있는 것 같아/의지가 약하면 아무리 학습지 강의 이런 거 있어도 쉽지 않을 것 같아/독학으로 공부 뭐 해 봤어?
학교 다닐 때 제2외국어 뭐 선택했었어?,나는 일본어 선택해서 몇 년이나 배웠었는데 히라가나도 다 까먹었다.../일본어는 좀 알아?
일본 여행 가서도 써먹을 수 있으니까 배워두면 좋겠다,그치/많이 어렵지 않다고 하는데 난 너무 어렵더라고.../불어는 그럼 좀 하는 편이야?
예전에 수능에서 등급 잘 받으려고 아랍어 하는 애들도 있었는데 주변에 있었어?,아랍어 ㅋㅋ/아니 없었어/그건 좀 신기하다!
가족 관계가 어떻게 돼?,나는 아빠 엄마 오빠 쌍둥이 동생 이렇게 있어/너는 부모님하고 따로 살아?
쌍둥이 동생 있으면 잘 통하고 너무 좋을 거 같애!,응 완전 절친이지/가족인데 가족 같은 느낌이라기보다 친구 느낌이야 하하/그래서 너무 좋은 것 같아/너는 오빠랑 사이가 좋아?
넌 오빠랑은 몇 살 차이야?,나는 두 살 차이나/근데 나는 안 친해서 굉장히 어색해.../잘 싸우지도 않겠네?
이제라도 친하게 지내봐!,그래도 부모님하고 친해서 괜찮아... 하하/오빠 말고 다른 형제 있었으면 하고 생각한 적 없어?
너는 오빠도 있고 여동생도 있어서 다른 형제는 생각해 본 적 없으려나?,음 다 있긴 한데 형제가 더 있었으면 좋겠다는 생각은 했었어/나이도 좀 많고 그런 언니 있으면 좋겠다 했지/용돈도 주고 그러잖아/생각 안 해 봤어?
가족들이랑 여행 자주 가?,사회인이 되다 보니 자주는 못 가게 되네/어릴 때 가족들하고 겪은 좋은 추억 있어?
너는 주로 어디로 놀러 갔어?,나는 멀리는 못 가고 집 주변에 있는 뒷산에 간 게 그렇게 좋은 추억으로 남아 있어/좀 따뜻한 기억이랄까?
부모님한테 용돈도 많이 드리고 잘하자 앞으로도~!,맞아 그래야지/앞으로도 우리 더 효도하자!
남자친구랑 헤어진 지 좀 됐는데 요즘 연락하고 있는 사람은 있어?,아 너 좀 촉이 좋은가 보네?/어떻게 알았어/몇 주 연락하는 사람이 있긴 해 하하
어떻게 알게 된 사람이야?,친구랑 카페에서 만나고 있는데 친구의 친구가 갑자기 지나가는 길이라고 들른다는 거야/그래서 얼굴 잠깐 봤는데 그 뒤에 그 친구가 자기 친구한테 나 소개시켜 달라고 했대... 하하
결혼까지 고고,나 아직 죽지 않았나 봐 하하/너는 결혼한 지 얼마나 됐어?
결혼하고 싶은 생각 있어?,나는 전혀 없어/나중이 돼도 없을 것 같긴 해/지금은 그런 나를 위해서 결혼하면 좋은 점이 뭔지 알려주겠니?
연애할 때 기념일 같은 건 잘 챙기는 편이야?,갑자기 너무 부럽다...?/나는 그런 거 다 챙기는 편이야/은근 꽁냥대는 거 좋아해서 다 챙겨주고 챙김 받고 싶어해 하하/그럼 반대로 결혼해서 힘든 건 뭐야?
늘 엄마가 다 해주던 빨래 청소 같은 거 하는 게 너무 귀찮아 ㅠㅠ,집안 일만큼 힘든 게 없지/그래도 난 이미 내가 다 하고 있어서 결혼한다면 덜 힘들긴 하겠다!
아까 그 남자분이랑 잘 되면 나도 인사시켜줘~,근데 뭐 사람 일은 모르는 거니까 이러다가도 갑자기 틀어지거나 할 수도 있지.../너는 결혼 전에 이렇게 틀어질 뻔한 적 없었어?
연애하면서 싸울 때 크게 싸우는 편이야?,나는 싸운다기보다 내가 맘에 안 드는 거 있으면 다 짜증 내는 편이야/나빴지... ㅋㅋ
평소에 운동하는 거 좋아해?,응 나 활동적인 거 좋아해/너는 어떤 운동을 잘 해?
등산이나 낚시 같은 것도 좋아해?,등산은 하고 나면 몸이 너무 개운해져서 좋고 낚시도 한 번 해 봤는데 사색에 잠기게 돼서 뭔가 힐링되더라 ㅋㅋ/너는 등산 잘해?
낚시도 어릴 때 말고는 제대로 해 본 적이 없어서 가보고 싶어,등산은 꾸준히 할수록 산 타는 실력도 체력도 는다고 하던데 맞는 말 같애/은근 운동 안 하나 보네!/그럼 유독 잘하는 운동이 있어?
너는 잘하는 운동이 뭐야?,나는 사실 배드민턴 선수급이야^^/이거는 좀 어때/잘해?
요가 해 본 적 있어?,어려서 학교 특별 활동 이런 걸로 했는데 하는 내내 잠만 잤다.../난 몸이 원체 뻣뻣해서 요가가 쉽지 않더라고/자세 이런 것도 너무 어렵지 않아?
기구 필라테스는 해 봤어?,필라테스는 아예 안 해봤어/그냥 하고 싶다는 생각만 있을 뿐!/너는 해 봤어?
내일 상담받으러 가볼래?,아 그래?/나도 생각만 계속 하고 막상 실천에 옮기지는 못하고 있었는데 그럼 한번 상담 받아볼까?
그래 혼자보다 두 명이 같이 등록하면 더 싸게 해줄 수도 있잖아?,맞아맞아 그럴 수 있지/그럼 같이 상담받고 생각해 보자!
컴퓨터 게임이나 핸드폰 게임 중에 요새 하고 있는 거 있어?,아니 나 게임을 거의 안 해/그래서 많이 모르는데.../나한테 추천해 주고 싶은 게임 있어?
그래도 핸드폰 게임은 캔디크러쉬나 쿠키런 같은 건 해봤어!,다 인기 있어서 들어는 봤던 게임인 것 같아/그럼 어릴 때는 주로 무슨 게임했어?
너도 해본 적 있어?,나도 다 어릴 때 좋아했던 게임들이야 하하/크아랑 카트라이더 엄청 했고 사천성 완전 중독이었어!/너는 사천성 해 봤어?
어떤 게임이야?,진짜 못 빠져 나올걸?/같은 패를 찾아서 없애는 게임인데 나는 그거 완전 추천해!
오 나 그런 거 좋아하는데 다음에 한번 해봐야겠다,응 중독성이 강해서 자꾸 하게 되더라고/또 중독성 강한 게임은 뭐가 있을까?
이 게임 알아?,들어는 봤었던 것 같은데/그거 모바일 게임이지?
지금은 없겠지 그 게임?,스마트폰 아닐 때면 오래돼서 없을 수도 있겠다/최근에는 모바일 카트라이더가 인기 있었는데 해봤어?
너는 했었어?,응 나는 몇 번 해봤는데 진짜 재밌더라/그것도 추천해!
사계절 중에 어떤 계절을 제일 좋아해?,나는 여름 제일 좋아해/너는 어떤 계절이 좋아?
예전에는 겨울이었는데 요즘은 추운 거 못 참겠어 ㅠㅠ,그치 이제 우리가 나이가 들었지.../봄은 사실 안 좋아하는 사람이 없을 것 같아/나는 여름의 그 쨍쨍한 하늘이 좋더라구/비 오는 거는 좋아하는 편이야?
너는 비 오는 날 좋아해?,나도 밖에 있을 때 비 오는 건 싫어/안에서 바라보는 것만 좋더라고 운치 있게 하하/그럼 눈 맞는 것도 별로겠네?
너는 어때?,나도 추운 거 싫어해서 겨울 질색인데 유일하게 버티는 이유가 눈이야/나이 들었지만 아직 순수함이 남아있는지 눈 오면 그렇게 좋아 ㅋㅋ
저번 겨울에 눈 많이 왔을 때 사람들이 눈으로 오리 만든 거 봤어? 하하,아 봤어 봤어/그거 진짜 귀여워 가지고/산책하러 동네 돌아다니는데 누가 그걸 잔뜩 만들어서 벤치에 쌓아 놓은 거야/너무 귀여워서 사진 찍은 기억이 있네!
봄 하면 어떤 게 제일 좋아?,나는 벚꽃이 바람에 막 흩날리는 그런 풍경이 좋아/너는 어느 장면이 기억에 남아?
여름에 물놀이 가는 거 좋아해?,물놀이 엄청 좋아하지/여름 하면 나는 그게 딱 생각나/너도 아무래도 그렇지 않아?
넌 여름이 제일 좋으니까 요즘 제일 행복하겠다,날씨가 많이 덥긴 하지만 그래도 쨍쨍해서 너무 좋지?
우리 이제 대체공휴일로 일요일이랑 공휴일 겹쳤던 것도 월요일에 쉴 수 있는 거 알아?,그렇더라구/나는 안 지가 얼마 안 됐는데 갑자기 복권 당첨된 기분이야 하하/이번에 재난지원금 또 확정된 것도 알아?
어떻게 됐대?,아 나도 완벽하게 잘 아는 건 아닌데 그 건보료 기준으로 자격 되는 사람들 인당 25만 원씩 아마 받을 거야/근데 그게 기준이 높지 않은가 봐/국민 80% 이상이 받을 거래!
그치 ㅠㅠ?,맞아 물론 코로나가 없었으면 이 재난지원금도 없었겠지만/코로나 때문에 이것마저 제약이 생긴다는 게 너무 안타깝다.../우리도 이제 백신을 맞을 수는 있는 것 같은데 맞을 거야?
넌 맞을 거야?,근데 나는 백신 부작용 사례도 너무 많아서 좀 무서운 것 같아 아직도/안 맞을 생각이야!
내 친구는 유학 중인데 백신을 맞아야 자가격리가 면제되니까 편하게 한국이랑 외국 오갈려고 맞으려고 하더라고!,응 것도 좋겠다/이번 달에 그럼 대체공휴일이 있는 건가?
10월에는 두 번이나 대체 공휴일이 있더라고,아 10월에도 그렇게나 있어?/이건 너무 반가운 소식이다/급 기분이 좋아지네 하하/공휴일 지정이 잘 안 되는 줄 알았더니 잘들 일하고 있었나 봐
한글날이랑 개천절이랑 겹친다고 하나 봐 10월엔,응 그랬던 것 같아/나는 아쉽게 휴일이 날아가는 줄 알았지/그때는 코로나가 좀 나아질까?
피부 관리나 시술 같은 거 받아서 관리하는 거 있어?,아니 나는 관리를 그렇게 철저히 하는 편은 아니야/너는 뭐 꾸준히 받는 거 있어?
성형까지는 부담스러우니까 피부 관리샵 같은 데 다니는 건 좋은 거 같아!,피부 관리받으면 아무래도 힐링이 되지/그럼 개인의 미용 만족도를 높이기 위해서는 어떤 게 가장 우선시 되어야 한다고 생각해?
하는 거 좋은 거 같애?,나는 무서워하는 편이지만 스스로 괜찮다 하면 뭐 찬성이지/성형하고 싶은 데 있어?
너무 대수술이 될 거 같은데 돌려깎기? 하하 아니면 이마도 좀 볼록하게 하고 싶긴 해,돌려깎기 그래.../그건 난 누가 시켜준다 해도 못하겠더라/누가 시켜준다면 할 거야?
못 깨어나면 어떡해? ㅋㅋ,그니까 나도 그래서 못하겠어/근데 너 막 필요성이 느껴지는 얼굴이 전혀 아닌데?
여기 하고 나면 다른 데가 부족해 보이고 할 거 같아 그치?,그건 그렇지/누구나 미모 욕심은 있으니 그 마음은 이해가 너무 돼/나는 코가 하고 싶던데 코 생각은 안 했어?
코가 사람 이미지를 되게 많이 좌우하더라고,그치 인상에 영향이 많이 주는 것 같아/조금만 달라져도 얼굴이 확 티가 나
인터넷으로 쇼핑 많이 하는 편이야?,응 요즘 워낙 잘 돼 있다 보니까/최근에 사는 곳들의 대부분은 다 온라인 쇼핑몰인 것 같아/너는 온라인 쇼핑 많이 해?
자주 이용하는 쇼핑몰 있어?,나는 인터넷에 검색해서 그 제품 유명한 쇼핑몰 찾기도 하고 요즘에 지그재그 많이 이용해/진짜 다 있어서 충동구매 장난 아니지.../쿠팡에서 쇼핑 비용이 월에 얼마 정도 돼?
난 마켓컬리도 좋아하는데 여기 이용해봤어?,아 거기는 생각만 하고 아직 안 써봤어/맛있는 게 워낙 많다고 알고 있어서 한번 이용하기 시작하면 계속 살 것 같애 ㅋㅋ/쿠팡에도 간편 음식 많이 파는 걸로 아는데 마켓컬리는 어떤 점이 좋아?
음식 말고 주방 기구나 다른 것도 팔고 품목이 많아졌어 요즘엔,쿠팡보다 더 좋은 것 같은 느낌이다/조만간 이용해보려고 하는데 첫 주문 때 뭘 사면 좋을까?
밀키트도 많아서 이런 것도 사 보면 좋을 거 같아,점심 도시락 사는 거 괜찮겠다/거기서 너는 어떤 거 샀었어?
중고 나라도 이용해봤어?,아 중고나라 옛날에 많이 사용했지/거기서 잘 사면 은근 유용한 것들이 많아/너는 거래해 봤어?
집에서 안 입는 옷들도 팔아본 적 있고 주방용품 같은 거 사보기도 했어,사는 것도 잘 사면 유용한데 파는 것도 괜찮더라고/나는 향수 잘못 사서 그냥 돈 버렸네 했었다가 거기서 팔아봤는데 거의 제값 그대로 받았어
당근마켓은 이용해 본 적 있어?,아니 당근은 아직 안 써봤다/거기는 좀 터무니없는 게 많은 것 같아
요즘에 보고 있는 TV 프로그램이나 드라마 있어?,나는 나 혼자 산다 잘 챙겨 보고 드라마는 요즘 잘 안 보게 되는 것 같아/너는 뭐 즐겨봐?
드라마는 넷플릭스에서 주로 보는데 얼마 전까지는 빈센조 봤었어,아 빈센조 유명했지/안 봤는데 송중기만 찾아 봤었다 하하/인생 드라마나 영화는 뭐가 있어?
너는 인생 드라마나 영화 있어?,음 드라마는 동백꽃 필 무렵이고 영화는 비포 시리즈야/진짜 로맨틱 하더라 하하/요즘 나오는 아이돌도 많이 알아?
좋아하는 가수 있어?,나는 요즘 누가 나오는지도 모르겠다/나이 먹어 가니까 확실히 아이돌에 관심이 없어지는 것 같아
정유미 나오는 거,로맨스가 필요해.../그건 시즌별로 김정훈 조여정 뭐 김소연 성준 이런 애들 나온 거 아닌가?/너가 말하는 건 연애의 발견 아냐?
진짜 재밌는데 이것두...,아 그래?/거기서도 나오다니 내가 안 본 시즌에 나왔나 보네/근데 이 정도면 정유미는 로맨스물 전문가 아냐?
당장 봐!,주말에 정주행이라도 해야 하나.../드라마 보면 그 배우들한테 또 빠질 것 같아 하하
정유미도 정유미인데 이진욱이 진짜 짱임...,이진욱 드라마 나올 때면 항상 멋있게 나오더라/나중에 볼게!
영화는 보통 어떤 장르 즐겨 봐?,나는 로코 제일 좋아해/그런 거 보면 괜히 내가 기분 좋아지더라 하하/너는 어떤 장르 좋아해?
좋아하는 배우는 따로 있어?,외국 배우는 그냥 영화에서나 몰입해서 봤지 딱히 좋아한다고 하긴 그렇고 국내 배우에서는 현빈 좋아해/잘생겼어 ㅠㅠ/너는 누구 좋아해?
인상 깊었던 드라마나 영화 속 캐릭터는 뭐야?,나는 인생 드라마인 동백꽃 필 무렵에서 공효진도 인상 깊었고 리틀 포레스트에 김태리 역도 좋았어/그렇게 살고 싶다는 생각이 들었지/보고 빠졌던 ost는 뭐가 있어?
맞아 리틀 포레스트 좋긴 했어~,나는 동백이 ost 완전 다 빠져 살았거든/드라마 자체가 인기 많았어서 노래도 유명했는데 아는 거 있어?
나는 아무리 공유가 좋아도 부산행 같은 장르는 못 보겠더라,좀비물 안 좋아하나 보구나?/나는 부산행도 재밌어서 되게 여러 번 봤는데/막 명절 때도 특선 영화로 하고 있는데 보고 또 보고 했어
너무 소름이었어 저 영화는,추격자는 마지막 장면이 기억에 남지/그거 소름인 건 인정인데 어떻게 영화를 그렇게 만들었나 싶어서 것도 여러 번 봤어 하하
베이비 드라이버라는 영화 알아?,아니 처음 들어보는데 무슨 영화야?/재밌어?
주말에 시간 나면 봐봐~,아아 나 그거 봤다!/나도 엄청 재밌게 봤어/나중에 또 추천해 줘
언니 매운 거 좋아해?,나는 좋아하는 편이야./너는?
나도 잘은 못 먹지만 좋아해!,그럼 너는 짠 거는 잘 먹는 편이야?
언니는?,나는 짠 거를 정말 못 먹어서 소금을 진짜 조금 해서 먹어!/나는 화장실 가는데 편하고 싶어서 복도 쪽에 앉는 편이야 거의!/나 탁구 초등학교 땐 괜찮았는데 지금은 못할 거 같아.../혹시 테니스는 배우고 싶은 생각 없고?/나는 골프 용어만 알고 전혀 몰라 골프에 대해서.../나도 항상 아이스이긴 하지만 너무 추우면 따뜻한 것도 먹어!/그럼 봄에 벚꽃 축제 가는 편이야?/나도 굳이 가지는 않아!/좀 사람 없을 때 가는 편! 간다면?/봄은 좋아해?/모더나가 더 예방률?이 좋다고 본 거 같아서 그거 맞고 싶어 난!/나도 종합검진은 없어!/그냥 받고 싶었던 애들 초음파만 해봤었어! 넌?/아 나도 비염 완전 있어!/근데 난 꽃 알레르기도 다 있단당 하하/아 그럴 수 있겠당!/나는 원래는 내가 직접 받았었어! 요새는 못하고 있지만.../택배함을 그럼 잘 이용해?/아 나는 택배함이 멀어서 그냥 문 앞에 두고 가세요가 90%정도야!/실제로 못 봤어!/코로나 끝나고 보길 기다리는 중이야...!/나는 불사조 기사단! 뒤에 갈수록 영화가 어둡긴 했는데 그 분위기도 나름 좋더라고?/가장 유명한 마법은 윙가르디움 레비오싸 아니겠어...?!/난 그거! 알지 알지?
그럼 신 거는 좋아해?,신 거는 젤리만 좋아하는 거 같아!/너는 그럼 레몬 이런 거 먹어?
"응, 나는 좋아해서 냉면 먹을 때도 식초 한 바가지 넣어!",아! 나는 냉면 먹을 때 아무것도 안 넣어!/그럼 와사비 이런 것도 잘 먹어?
언니는 어때?,나는 코 찡한 거 그런 거 좋아하긴 해!/그럼 초밥에도 와사비 많은 거 좋아해?/아 진짜 좋아하는구나!/나는 냉채족발을 안 먹어봤어./맛있어?
다음에 같이 먹자! 약속?,그래 나 데려가... 맛있게 먹을게!
언니 집은 자가야?,아니 나는 행복 주택 살아서 임대 주택이야.!
독립한 지 얼마나 됐어?,2019년도부터 혼자 살았어!/행복 주택이 저렴해서 이것저것 저렴해서 좋아~
주변에 편의 시설은 가까이 있어?,아니 행복 주택이 저렴은 한데 주변 상가가 아직 발달이 안 됐어./그게 조금 불편해.
나는 아파트에 살고 있어!,너 사는 데는 편의 시설 잘되어 있어?
응. 나는 집 바로 앞에 편의점도 있고 카페도 있고 음식점도 많아!,좋겠다! 그거 정말 중요하더라고/나는 카페 1개밖에 없어... 15분 정도 걸어서
그러면 주변엔 공원은 있어?,어! 맞다 그거 좋은 점 있다/공원 있어! 너도 주변에 있어 공원?
그럼 코인 빨래방은 근처에 있어?,어! 있는데 나는 집에서 빨래해서 가본 적은 없어./너는 자주 이용해?
집안일 참 힘들어. 그치?,제일 힘든 게 집안일이야... 티도 안 나 열심히 해도!
언니는 비행기 타는 거 무서워 해?,응 나는 무서워해서 비행기 이륙할 때 좀 떠는 편이야.../너는?
난 타는 거는 안 무서운데 장시간 비행은 귀가 너무 아파서 무서워... ㅠㅠ,아! 귀가 아프구나.../나는 귀가 아픈 적은 없었는데.../비행기 좌석은 그럼 어느 쪽을 좋아해?
그러면 기차는 자주 타 봤어?,나는 사실 기차 타는 걸 제일 좋아해/난 지난달까지는 통근 열차를 타고 다녔어~
기차도 그러면 복도 쪽 좌석을 좋아하겠네?,아니 기차는 또 특이하게 창문 쪽이 좋아! 기차는 화장실이 중요하지 않기 때문에.../너는?
나는 기차도 창가. 버스도 창가. 그래서 지하철도 야외로 나오면 좋더라!,3호선도 야외가 있어?/궁금해 2호선 야외만 겪어 봤어 하하
응! 한강 건널 때랑 종종 야외인 구간이 있어서 그 구간이 좋아!,아 몰랐어!/그 구간 되면 다들 사진 찍는 거 알지?/너도 그 사람들 중 한 명이니?
"이런 나, 멋지지?","응, 나도 거의 안 찍고 남이 찍은 거만 보는 편!"
언니는 아르바이트 많이 해 봤어?,아니 나는 많이 해보지는 않았어.../너는 많이 해본 편이야?
응. 나는 골고루 많이 해본 편이야!,오 그럼 제일 길게 한 건 뭐야?
제일 길게 한 건 카페야!,어느 카페에서 해봤어? 프랜차이즈?
개인 카페도 해보고 프랜차이즈도 해 봤어!,아 둘 다 해봤구나!/프랜차이즈는 어디서 일 해봤어?
맛있는 집이지?,나 요거프레소 진짜 좋아했는데 요즘 별로 없더라.../알바했던 곳 아직 그대로 있어?
사장님도 잘해 주셨어서 한 번 놀러 가기로 했어~!,너 완전 모범 사원이었나 보다./최근에 한 알바였어?
나름 재밌었어!,아 진짜 최근이네! 않았니??/그거 아이스크림 올려주는 거는 힘들지
응 맞아 ㅠㅠ 모양 예쁘게 담는 연습하느라 처음엔 정말 이상하게 올렸었어 ㅋㅋ,다들 잘 담아주던데 연습해야 되는 거였구나...하하
언니 주변에 해병대 나오신 분 있어?,"어, 아빠 해병대야 완전 해병대!"
언니 집엔 귀신 걱정 없겠다 하하,진정한 해병인.../해병대 나온 사람들은 그 해병대 부심이 엄청난 거 같아.
맞아 맞아. 그럼 주변에 해군이나 공군 나오신 분 있어?,음 아니! 해군이나 공군은 주변에 없는데/너는 있어?
친구 중에 공군인 친구가 있는데 특수 비행팀?에서 나레이터를 하더라!,그건 무슨 일하는 거야?
일단 에어쇼 할 때 민간인들도 이해하기 쉽게 설명해주고 그러더라고?!,아 그런 거구나! 에어쇼라니 멋있당/공군들도 육군처럼 베레모 썼었나...?
정확하진 않은데 베레모는 안 쓰는 거 같아!,그렇구나./나는 베레모가 이쁘던데 너는 어떻게 생각해?
군화는 너무 불편하겠다 ㅠ 그치?,맞아 그거 물집 엄청 잡히지 않아?/그냥 운동화 신어도 나는 물집 잡히는 편이야. 넌?
맞아 군화 정말 발 아프고 힘들 다는데 안쓰럽다 ㅠㅠ,그러니까 왜 굳이 군화를 신어야 되는지 모르겠어...
언니는 전학 가 본 적 있어?,나는 초등학교 때 1번! 너는 자주 다닌 편이었어?
친구들이랑 헤어지면 슬플 거 같아 ㅠㅠ,아! 나는 초등학교 때는 새 학교 3개 동시에 생겨서 친구들 다 나눠지고 그랬었어.!
언니는 외국어 배우는 거 좋아해?,아니 나는 아무래도 그쪽으로는 안 맞는 거 같아.../너는 영어 말고 배운 거 있어?
언니는 영어 말고 있어?,나는 스페인어를 배웠어!
몇 년 정도?,몇 년까지는 아니고 대학교 때 한 학기 교양으로!/그래서 스페인어 읽을 줄은 알아
읽는 것도 멋진 걸?,혀 굴리기 발음은 안 되지만 하하/넌 중국어 발음 잘해?
어릴 땐 성조랑 발음 괜찮은 편이라고 들었는데 다 까먹어서 이젠 모르겠다!,오! 중국어는 근데 한자 보고 읽는 거야?
한자는 몰라 하하,병음이 뭐지...?/영어로 되어있는 그거 였낭 하하
언니는 사촌이 많아?,아니 많은 편은 아니야!/그중에 이제 이모네 동생이랑만 유독 친해서 잘 놀아/너는?
나는 이모 딸이 나랑 나이가 같아서 친구처럼 지내!,아! 나는 동갑인 사촌은 없어서 신기하다~/나는 엄마네 사촌이랑 훨씬 더 잘 지내는데 너는 두루 두루 친해?
사촌은 가까이에 살아?,응 나는 다 가까이 살아!/할머니 집은 걸어서 5분이야~
나는 할머니가 부산에 사셔 ㅠㅠ,아 그럼 지금 못 뵌 지 오래됐겠다...
멀어서 다들 힘들어 ㅠㅠ,맞아 나는 근처에 살아서 명절에 민족 대 이동 이런 걸 겪어보지는 않았어.../부산 어디에 사셔?
우리는 그래서 명절마다 대 이동을 했는데 작년부터는 못 그러고 있네 ㅠㅠ,나 기장 들어봤어!/이번 추석에도 어떻게 될지는 모르는 거네?/할머니랑은 친한 편이야?
언니는 가까워서 자주 뵙고 친한 편인가?,ㅋㅋ 나도 친한 편이지/말 잘 듣는 막내 쪽에 속하는 손주라 할머니가 나 좋아한다고 말할 수 있어 자신 있게!
언니가 그만큼 할머니께 잘하니까 예뻐하실 거야!,맞아 그래서 할머니가 나만 옥수수 줬어 ㅋㅋ
언니는 연애 할 때 자주 만나는 편이야?,나는 일주일에 한 번이 좋다고 생각하는데! 나는 그게 딱 맞는 거 같아./너는 자주 만나는 걸 좋아해?
일주일에 두세 번 정도가 적당한 거 같아!,적당히 애틋하고 그게 좋아 난! 맨날 만나면 질려.../나의 개인주의 조금 알지?
알지 알지. 그러면 연락은 자주 하는 편이야?,연락은 실시간으로 하지는 않지만 틈 날 때마다 하면... 그게 실시간인가.../너는?
그러면 카톡이 좋아 전화 통화가 좋아?,나는 전화! 목소리를 들어야 돼! 전화 어려운 거 아니니까.../너도 전화를 선호하는 편이야?
그래서 카톡이 더 편하고 전화보다는 그냥 만나는 게 더 좋은 거 같아 하하,좀 다르네 ㅋㅋ 나는 전화하는 거 좋아해 목소리 듣는 거 좋아해!/근데 이제 자주 만나는 건 괜찮은...
그러면 결혼을 만약에 만약에 한다면 신혼여행은 어디로 가고 싶어?,유럽 유럽! 나는 유럽에 약간 지금 미쳐있는 상태야... 너무 가고 싶어.../너는 휴양지 가고 싶어?
놀지 못하고 죽은 귀신이 붙었나~하하,ㅋㅋ 쉬지 못하고 죽은 귀신이 붙은 거 같은데/하와이? 피지? 몰디브? 이런데?
나 바다를 너무 좋아하네 ^^,그러게 나는 유럽 길바닥 좋아하는데!
우리 강아지 포미는 7살이야!,7살이면 사람 나이로는 40살 정도? 맞지?
맞아 아마 중년 개일 텐데 내 눈에는 여전히 아기야 >_<,그럼 강아지 할아버지 강아지라고 해도 우리 눈에는 아기지 그럼 그럼!/그럼 보리는 몇 살이야?
우리 고양이 보리는 4살이야!,보리가 더 애기네 ㅋㅋ/보리랑 포미 둘 다 남자아이들이야?
보리가 포미를 너무 좋아해!,오왕 고양이가 강아지를 좋아하다니.../막 그럼 꾹꾹이 이런 거 해줘?
아니 보리는 꾹꾹이를 인형한테만 해! 신기하지?,아 그래? 꾹꾹이가 근데 약간 자기가 좋아하는 거한테 하는 거 아니야?
맞아! 보리가 사람한테 잘 앵기고 애교도 부리는데 희한하게 꾹꾹이는 인형한테만 하더라고!,꾹꾹이 하는 거도 보고 싶은데 동영상은 언제쯤 나한테 올 예정이야? ㅋㅋ
대신 포미 개인기를 보내줄게!,맞아 그것도 사실 기다리고 있었어./오늘 안으로 부탁해...!
귀여운 순간들이 아주 많아!,응! 나도 그럼 공유해줘/고마웡!
언니 축구 좋아해?,아니 나 축구는 별로 안 좋아해./축구 말고 배구!/넌 배구 좋아해?
그러면 야구는?,야구는 룰을 아는 데도는 재미가 없더라 나는 넌?
언니는 배구 룰 다 알아?,다 알진 않아도 대충은? 룰 몰라도 볼만 해!
그렇구나! 그럼 하는 거 좋아하는 운동 있어?,좋아하지는 않지만 배드민턴을 그나마 재밌게 하는 거 같아 넌?
나중에 한 판 붙자!,근데 아마 내가 질 거야 ㅋㅋ/탁구는 좀 할 줄 알아?
언니는 테니스 어때?,나는 테니스 배워보고 싶더라고!/요새 친구들 골프 배우던데 골프는 배워봤어?
언니 어릴 때 얼음땡 많이 했어?,그럼 그럼! 나는 약간 깍두기 역할도 많이 했어 ㅋㅋ/너는?
혹시 무궁화 꽃이 피었습니다는?,그걸 더 많이 한 거 같은데?/근데 너는 데덴찌였어 편 가를 때? 갑자기 궁금해져서 하하
지역마다 부르는 게 다르다며?!,맞아 덴찌후레찌인가 그것도 있었는데 ㅋㅋ/갑자기 생각나서 물어봤어!
아 그러면 한발 뛰기 혹시 알아?,응 그거 술래가 한 발 덜 뛰어서 잡는 그건가?
근데 술래 되긴 싫었어 하하,승부욕이 넘쳐서 지면 울고 그랬어?
참참참! 이 게임 알아?,참참참 알지! 디비디비딥 같은 거!/쿵쿵따 아니 옛날 게임 다 생각나는데 지금?
그냥 끝말잇기 같지만 거꾸로 말해야 해서 약간 난이도 있고 재밌었는데. 그치?,슭곰발 생각 난다 ㅋㅋ 애들이랑 많이 했던 거 같아!/넌 또 무슨 게임 했어?
아 그리고 또 생각나는 게 절대 음감! 알아?,설명해주면 알 거 같아!
언니 여행 가면 숙소는 어떤 스타일을 좋아해?,나는 조식 주는 곳과 적당히 깨끗한 화장실이라면 뭐든 상관 없어!
그러면 조식 먹을 때 좋아하는 메뉴가 있어?,주로 계란 스크램블이 제일 무난하고 실패하지 않는 거 같아!/너는?
빵이랑 커피랑 먹으면 최고 최고 ^^,맞아! 싱가포르 가서 카야쨈 토스트 먹었는데 혹시 먹어봤니?
싱가포르 좋았어?!,싱가포르 진짜 더웠는데.../마리나베이에서 하루 잤는데 진짜 최고 최고! 꼭 추천할게!
그리고 또 맛있게 먹은 게 뭐였어?,칠리크랩도 진짜 맛있어!/진자 밥 비벼 먹어도 되고 싼 편이고 무조건 다시 먹고 싶음./너도 맛있었던 음식 말해줘!
"나는 보라카이에서는 망고스틴이랑 망고 빙수, 망고 아이스크림이 너무 맛있었어!",망고의 도시... 나는 망고를 별로 안 좋아하는데 가서 먹으면 맛이 진짜 달라?
근데 사실 망고보다 망고스틴이 훨씬 훨씬 맛있어서 시장에서 진짜 다섯 바가지 사 먹었어!,망고스틴도 안 먹어봤어!/무슨 맛이야?
음... 약간 리치랑 비슷한데 약간 다르고 달달하고 맛있는데 껍질 까는 게 조금 힘들어!,아 리치랑 비슷한 맛이구낭/이쁘게 생긴 모양만 기억이 나서 물어봤어!
언니 얼마 전에 무지개 생긴 거 봤어?,쌍무지개 그거 말하는 거야??
응! 나는 못 봤어 ㅠㅠ,그것도 딴 사람이 찍은 걸 봤어.../나도 못 봤어! 내가 사는 데는 보이지가 않던데 ㅜㅜ
그럼 사는 동안 무지개 본 적 있어?,응 나는 예전에 쌍무지개 한번 봤어!/쌍무지개 본 적 있어?
아니! 그냥 무지개는 봤어도 쌍무지개는 못 봤는데 정말 운이 좋네?,맞아 태어나서 처음 봤어!/너는 겨울에도 아이스를 먹는 편이야?
언니는 어떤 계절을 좋아해?,나는 가을이 더 좋아!/구름 없는 하늘 좋아!/넌 구름 좋아해?
"그래서 여름~가을, 가을~겨울 사이가 좋아 구름이 너무 너무 예쁘거든!",나도 뭉게뭉게 구름 좋아하는 편이야!
언니 코로나 백신 종류가 뭐 뭐가 있더라?,내가 아는 건 우선 모더나랑 화이자랑 또 뭐 있었지?
아스트라제네카랑 얀센이 있어!,아 맞다 맞다! 그거 다 2번씩 맞는 건가?
다른 건 어떻지?,얀센은 아마 1번일 걸?/근데 2차 맞는 기간은 다 달랐던 거 같은데 맞나...?
2차 맞는 기간이 얼마 후인데?,잘 모르는데... 아스트라제네카는 6주 뒤에 맞았던 거 같아./너는 이번에 백신 신청하면 뭐 맞아?
이번에 우리 신청하는 백신은 종류가 무엇이지?,아 백신을 신청하는 거야?/그냥 주사만 신청하면 알아서 주는 거 아니었어?
"아~ 이번에 우리가 맞는 종류는 화이자랑, 모더나래. 물량에 따라 달라지는 거 같더라고?",아! 우리는 아스트라는 아니구나 청년들 부작용 많다고 했었다./넌 더 맞고 싶은 백신 있어?
언니는 긴장 안 돼?,응 나는 긴장 안 돼!
"언니, 영국에 둘레이 강에 우유 트럭이 쏟아졌대!",엉? 그러면 강이 하얗게 되는 건가?
그 정도로 많이 쏟아졌단 말이야? 어떡해...,강이 조그만 강인가?/한강에 우유 트럭 쏟아진다고 한강이 하얗게 될 거 같진 않은데...
그러게... 어떻게 된 일이지...,내가 사진 봤는데 진짜 우유가 흘러 사진 봤어?
아니! 한 번 찾아볼게. 얼마나 심각한지...,그리고 미국에서 아이들끼리 싸우다가 엄마들끼리 총 싸움으로 번졌대
그래서 다친 사람이 있대?,아마도? 아니 나는 총 소지하는 건 반대하는 입장이야...
우리나라는 총기 소지 금지라 조금 다행이라고 생각해.,맞아 그리고 대마초도 약간 합법인 나라 있지 않아?
우리나라는 불법이잖아!,맞아 그럼 우리나라 학생들 유학 가서 대마초 펴는 되는 부분인가?
그러게. 유학생들 외국에서 피고 와서 우리나라 와서 마약범 되는 거 아닌가?,드라마 보니까 외국에서 피고 와서 그렇게 되는 사람도 있더라고!
언니 혹시 향수 좋아해?,응 나는 산타마리아노벨라 향수 쓰는데/너는 향수 써?
추천 좀 부탁해?,나는 딥디크 추천!/딥디크가 향이 진짜 오래가!
언닌 무슨 계열 향을 좋아해?,나는 비누향! 지금 쓰는 향수도 비누 향이야 하하/너는 어떤 향 좋아해?
나는 시트러스 계열도 좋아해!,시트러스 여름에 잘 어울리는 향!/혹시 네일아트 좋아해?
학생 때는 종종했는데 성인 되고부터는 너무 불편해서 안 하게 돼.,나는 손톱을 못 기르는 편이라 해도 바로 바로 자르더라고.../손톱 기르는 거 잘 견디는 편이야?
아니. 위생적으로도 그렇고 생활하다 보면 잘 부러지고 불편해서 손톱을 바짝 깎는 편이야!,나도 나도!/혹시 퍼스널 컬러 그거는 해봤어?
언니는 진단 해 봤어?,나는 쿨톤은 아닌 거 같아 분홍색 너무 안 어울려서!/나는 진단은 안 해봤는데 같이 하러 가볼까!?
좋아! 나도 어릴 땐 핑크 계열을 화장품 보면 소름 돋았는데 요즘엔 너무 좋아서 소름 돋아 하하,아 진짜? 난 분홍색 하면 너무 촌스러워져서 못 쓰겠어...
언니 유연한 편이야?,나 유연한 편이야/나 서서 요렇게 하면 바닥 짚을 수 있어!
그럼 근력이 조금 센 편이야?,그럼 얼마든지 보여줄 수 있어! ㅋㅋ/근력 손실이 지금 심각한 중이야 난.../넌 건강 검진 해본 적 있어?
아니! 그럼 언니 알러지 혹시 있어?,응 나는 알러지 엄청 많아!/거의 모든 과일에 알러지가 조금씩 있어.../너는 괜찮아?
나는 놀랍게도 동물 털 알러지가 조금 있어.,어!? 강아지랑 고양이 키우지 않아? 괜찮아?
언니는 과일 먹을 수 있어?,응 먹을 수는 있어!/근데 이제 목구멍 안이 간지러워... 경험해봤니?...
아니... 나는 먹는 부분에 있어서는 알러지가 단 한 개도 없어서 그 느낌을 몰라...!,아 정말 목구멍 안이 간지러우면 난감해.../꽃 알레르기도 있어 그럼?
최근에 인터넷으로 주문한 거 있어?,가장 최근에 산 거는 씨디를 구매해봤어!/너는 뭐 샀어?
나는 강아지 고양이 사료랑 간식!,오! 그런 것도 요새 택배가 잘 되어 있구나 신기하당!
응응! 그러면 혹시 택배를 직접 보내본 적 있어?,택배를 직접 보낸 적은 없는 거 같은데? 기억에 없어.../너는 보내 봤어?
응. 나는 편의점 택배 보내보고 우체국 택배도 보내봤어.,오 어디가 더 보내기에 괜찮아?
우체국이 차라리 빠르고 정확해서 편하더라고!? 추천해!,오! 기억해둘게!/너는 배달 시키면 직접 받는 편이야 문 앞에 놔 달라고 하는 편이야?
택배는 참 편한 거 같아 그치?,택배는 소비자 입장에서는 진짜로 편하고 기다려지는 거 같아!
언니는 챙겨 보는 프로그램이 있어?,나는 요즘에 대탈출!/너는?
나는 요즘엔 없는 거 같아.,그럼 예전에는 뭐 챙겨봤어?
언니도 그렇지?,나 완전! 나 토요일 날 약속도 안 잡았었어 무한도전 봐야 돼서.../너도 그 정도였어? ㅋㅋ
미안. 난 토요일엔 잘 나가 놀았어 사실,아 진정한 무한도전 팬이 아니었네/나는 막 달력이랑 다이어리도 사고 그랬어 ㅋㅋ/무한도전 덕질을 한 거 같아.
헐 대박! 나도 무한도전 사진전 가고 달력도 샀어!,사진전 미쳤다! 그거 일산에서 해서 내가 가려다가 진짜 너무 멀어서 못 갔었는데 ㅋㅋ
맞아! 일산 MBC에서 해서 나는 친구들이랑 갔었어! 아마 중 3 때?,너는 봤구나 신기하다/막 가요제도 가고 싶어 가지고 갈까 말까 엄청 고민하고 그랬었는데/가요제도 가봤어?
언니는 가 봤어?,나 역시 못 갔지.../실제로 만난 적이 없어 한 번도.../너는 만나본 멤버 있어?
언니 해리포터 시리즈 다 봤지?,아 나 너무 다 봤어 다는 시리즈 각각 10번은 넘게 봤어/너도 다 봤어?
언니는 해리포터에서 제일 좋아하는 배역 있어?,아무래도 해리포터... 주인공 짱짱!/너는? 해리 말고 있어?
나는 론을 좋아했어! 약간 찌질하지만 귀여워서.,론 어렸을 때 귀여웠는데 갑자기 커 가지고 조금 놀랐어.../너는 어떤 편이 제일 재밌었어 영화?
근데 퀴디치 경기는 너무 무서워 보여 ㅠㅠ,나는 빗자루보다는 마법을 쓰고 싶었는데 기억나는 마법 있어? ㅋㅋ
알지 알지! 그 마법 가르쳐준 교수님도 생각나는 걸? 쪼꼬미 교수님,엇! 갑자기 도비가 생각나네...
도비... 생각하니 눈물이 나네,도비 죽는 장면 보고 울었잖아 난...
갑자기 레몬 케이크 이런 거 먹고 싶다 ㅠㅠ,헉 나도!/완전 상큼하고 달달해서 좋아..
그치? 사실 얼마 전에 갑자기 너무 먹고 싶어서 집 근처 카페에서 배달 시켜 먹었는데 너무 맛있었어!,와 진짜 맛있었겠다 ㅠㅠ/나도 레몬 케이크나 레몬 마들렌 이런 거 좋아해서 카페 가고 싶어질 때가 종종 있어 하하
요즘은 디저트류도 다 배달되니까 집에서 편하게 먹기도 좋더라.,맞아 음료도 자주 시켜 먹더라!/근데 나는 아직 디저트류는 한 번도 시켜본 적은 없어 ㅋㅋ/익숙하지 않아서 그런가...
오히려 너무 배달 음식 많이 먹어서 큰일이긴 해!,오 정말?/배달 앱 자주 사용하는 분들은 진짜 다양하게 이용하시더라 ㅋㅋ/자주 시키는 음식 뭐 있어?
넌 자주 이용 안 하는구나?,오오 떡볶이 나도 진짜 좋아해.../나는 자주는 아니지만 주로 시켜 먹는 종류는 떡볶이나 피자 치킨 주로 이런 거 시키는 거 같아! 하하
그래도 역시 배달 음식 줄이고 건강하게 집밥 먹는 게 좋은 거 같아!,맞아 그건 그래!/배달 음식이 편하긴 한데 확실히 몸에는 안 좋은 거 같아서 가끔 이용하는 게 좋긴 하더라구  ㅠㅠ
요즘 외식도 잘 못 하게 돼서 자꾸 배달에 의존하게 되는 거 같은데 줄이도록 노력해봐야겠어!,그치 요즘은 더 그렇게 되는 거 같긴 해.../또 여름이라 날이 더워져서 그런가?/요리도 하기 싫고 나가기도 싫어... ㅋㅋ
여름에는 여러모로 불편하긴 한 거 같아 ㅠㅠ,맞아 우리 집도 그래서 되게 고생하고 있어 ㅠㅠ/얼른 여름 지나갔으면...
부동산 이런 데 관심 많아?,나는 아직 독립을 안 해서 그런지 크게 관심은 없는데 이제 슬슬 관심 가져야 할 거 같긴 해 ㅠㅠ
집값 미쳤다고 매일 뉴스 나오기도 하고 ㅠ,그치! 아무래도 독립을 하고 나면 집 구할 때는 필수적인 요소다 보니까 잘 알아보고 공부도 해두고 해야 할 거 같아.
근데 요즘 아파트 값이 너무 비싸서 다시 아파트 살 수 있을까 싶어.,맞아 나도 잘은 모르지만 요즘 아파트 값이 말도 안 되게 올랐다는 거는 너무 잘 알고 있거든./집 구하기가 이렇게 어려우면 앞으로 어떡하라는 건지... ㅠㅠ
나만 해도 그렇긴 하거든 ㅋㅋ,맞아 맞아./근데 요즘 같이 이런 때는 젊은 세대나 신혼부부들은 아파트 내 집 마련이나 전세는 꿈도 못 꾸겠어.
맞아. 부모님 세대 때만 해도 월급 몇 달 치 모으면 집 하나 살 수 있었다고 하던데 요즘은 10년 20년 모아도 겨우 살까 말까 하니까 ㅠㅠ,그렇게 말이야./요즘은 그런 게 꿈 속 이야기가 돼 버린 느낌이야 ㅠㅠ/열심히 모으면 그래도 살 수 있을 거라는 희망이라도 있어야 하는데 이제는 그런 것조차 생각할 수 없을 거 같은 느낌?
단독 주택 생활 로망이 있어!,나도! 진짜 아마 다들 주택에 대한 로망이 있지 않을까 싶어 하하/너무 크지 않아도 아늑한 공간이면 얼마나 좋을까!
요즘 그렇게도 많이 짓는 거 같더라.,ㅋㅋ 그치! 주택은 청소나 정원 관리가 진짜 힘들어서 사실 너무 큰 곳도 그렇게 좋지만은 않은 것 같아.../20평대 주택도 많이 짓는구나!/어떤 느낌인지 궁금해!
생각보다 자기 생활이랑 안 맞을 수도 있으니까...,오 그거 되게 좋은 방법이다!/아무리 살고 싶었어도 안 맞을 수 있으니까 시도해 보고 결정하는 게 좋은 거 같아 하하
내일 광화문 갈 일이 있는데 지하철 타고 가는 게 낫겠지?,그래? 퇴근하고 가는 거야?/그러면 아무래도 지하철이 좋을 거 같은데!
버스 타는 건 오버겠지?,아 반차 내고 가는 거면 점심 시간 좀 지나고겠네!/버스는 몇 분 걸린다고 나와?/버스는 좀 돌아가긴 해서 빠르게 가려면 지하철이 좋긴 할 텐데...
거리상으로는 별로 안 멀 텐데..,맞아 ㅠㅠ/버스는 그래서 시간적 여유가 있으면 타는 것도 괜찮은데 그게 아니면 난감할 때도 많아서 신중하게 생각하고 타게 되더라.
맞아! 어렸을 때는 막 버스 타고 돌아다니는 거 좋아해서 시간도 많고 그냥 갈 곳 없는데 버스 타고 돌아다닌 적도 있다 ㅠㅠ,와 나도 버스 타고 돌아다니는 거 진짜 해보고 싶었어!/한 번도 해본 적 없는데 너 해봤구나! ㅋㅋ/추천할 만해?
그렇게 멀리는 안 갔었지!,ㅋㅋ 근데 그때만의 또 느낌이랑 감성이 있어서 너무 괜찮은 시도였던 거 같은데?/뭔가 기분 전환도 될 거 같고!
맞아! 하하 생각해보니 지금도 매일 버스랑 지하철로 출퇴근하는데 그때 느낌이랑은 아주 아주 다르지.,그치. ㅋㅋ 이젠 뭔가 현실에 가까운 느낌이고 그때는 약간의 일탈 느낌이라.../나중에 시간 되면 버스나 지하철로도 한 번 해보고 싶다!
거기 근처에 중앙선 역이 하나 있는데 지하철 타고 가니까 되게 좋더라!,오! 처음 들어봐!/나중에 한번 가봐야겠다 ㅋㅋ/한강에 공원이라니 생각만 해도 힐링이야.
차로 가도 되긴 하고 하하,응응 그래야겠다!/날 선선해지면 다녀와야지! 하하
지인 중에 혹시 직업 군인 있어?,아 응!/나 아는 오빠가 ROTC야!
ROTC면 학군단? 그거인가?,응 나도 자세히는 모르지만 학군단으로 학교도 같이 다니다가 나중에는 직업으로 삼고 그러더라구!
그 군복이라고 해야 하나? 그것도 갖춰 입고 다니더라!,응 맞아!/나도 학교에서 봤었는데 학교 과가 그쪽이랑 관련 없는 사람들도 관심이 생겨서 그렇게 들어가고 또 그렇게 해서 직업 군인으로 가는 사람들도 종종 있더라!
그래서 그 친구는 3년? 정도 다니고 제대했어!,헉 그랬구나!/확실히 군대에서 일을 한다는 것 자체가 정말 어려운 부분인 거 같아 ㅠㅠ/잠시 훈련 받는 것도 정말 쉽지 않은 건데 말이야.
맞아! 장교는 또 그냥 들어가는 게 아니라 시험 봐서 들어가니까... 들어가는 것도 힘들었을 텐데 계속 다니는 게 더 힘들었나 봐.,그치. 고생해서 들어갔는데도 그만두는 거 보면 정말 힘들었다는 게 느껴지네./나도 내 동생 군대 갔을 때 많이 힘들어하는 거 보고 좀 더 확 느껴졌던 거 같아 ㅠㅠ
동생은 육군 갔었어?,동생은 의경으로 갔었어!/그래서 육군이랑은 또 조금 다른 힘든 점이 있었던 거 같아!
의경은 주로 어떤 임무를 해?,지역마다 조금 다를 텐데 치안 업무는 기본적으로 하는 거 같고 긴급한 상황이 생기면 나가서 같이 돕는 것도 있고 시위나 집회 같은 게 있으면 나가는 것 같더라! ㅠㅠ
무사히 전역해서 정말 다행이야!,맞아 그 기간은 가족들 모두가 같이 걱정하고 기다리는 시간이라서 정말 힘들었는데 무사히 지나가서 정말 다행인 거 같아!
요즘 반려동물 시장이 진짜 커지고 있대!,오 정말?/사람들이 점점 다양한 동물들을 키우는 건가?
근데 확실히 길가 다녀봐도 강아지 산책 시키는 사람들이 더 많아진 느낌이야,맞아 그건 그래!/우리 동네에도 강아지 산책 시키는 모습 정말 많이 보이거든!
난 강아지는 안 키우지만 그 강형욱? 그 사람이 확실히 반려동물 문화를 좀 바꾼 거 같기도 해 ㅋㅋ,아 진짜 생각해보니 그렇네! ㅋㅋ/나도 강아지를 키우지는 않지만 그 사람 영상은 종종 봤거든!/사람들이 좀 책임감 갖게 된 것도 같아!
안 그러면 스트레스 받고 그게 뭐 공격성으로 나올 수가 있다고 한다더라!,헉 그렇구나!/하긴 요즘 워낙 바쁘게 다들 사니까 강아지가 혼자 집에만 있는 경우가 진짜 많은 거 같아 ㅠㅠ
맞아. 그래서 내 친구는 애견 미용샵 사장인데 샵에 항상 데리고 다니더라고!,오 진짜 그렇게 데리고 다니시는구나!/일하는 곳에 데리고 갈 수 있는 사람들은 그렇게 같이 나가는 것도 괜찮겠다!/요즘은 애견 동반 가능 카페도 좀 있어서 같이 데리고 나가기도 하던데!
반려견 있는 사람들은 그런 데로 자주 가더라!,오 맞아!/또 펜션 같은 데도 있던데 식당도 있는 줄은 몰랐어!/되게 새로운 것들이 많이 생기고 있구나 요즘 하하
그만큼 동물권 보장도 좀 법적으로 되고... 인식이 좋아졌으면 좋겠어 ㅠㅠ,그치 이전에는 동물 관련된 사건 사고가 일어나도 대처가 잘 안 됐던 거 같은데 요즘에는 많이 좋아지고 있는 거 같아서 다행이야!
맞아. 동물도 같이 공존하는 생명체인데 생명 존중을 좀 해야지!,공감이야!/앞으로도 사람들 인식이 더 나아졌으면 좋겠어!
오늘 저녁에 올림픽 여자 배구 4강전 한대!,헉 오늘 저녁이었구나!/퇴근하고 가서 볼 수 있으려나!
퇴근하고 가서 볼 수 있겠는데!,시간 완전 좋다! ㅋㅋ/이전에는 오전에 하고 그래서 못 본 게 너무 아쉬웠는데 ㅠㅠ
그래도 연경신이 있다면!,브라질 정말 잘 할 텐데... 맞아!/그래도 이전 경기 같이 했던 국가들도 잘하는 곳이었는데도 이겼으니까!
양궁도 항상 인터넷에 클립으로만 봤거든,오 사실 나도 그래 ㅋㅋ/항상 결과 알고 나서 나중에 봤었는데.../근데 운동 경기 생중계 보면 정말 너무 너무 긴장 돼.
맞아! 스포츠 경기 보는 거 좋아해?,나 내가 좋아하거나 흥미가 가는 경기들은 올림픽 할 때 종종 보는 거 같아!
어떤 종목 좋아해?!,음 나는 주로 양궁이나 쇼트트랙을 자주 보는 거 같아!/넌?
우리 둘 다 뭔가 빠르게 진행되는 종목을 좋아하네 ㅋㅋ,ㅋㅋ 말하고 보니 그렇네!/뭔가 박진감도 넘치고 긴장도 되는데 재밌는 거 같아!
금요일이고 하니 더 기대되고 신난다 ㅋㅋ,그러자 진짜 오늘 마침 딱 금요일이어서 조금은 맘 편하게 볼 수 있겠다!
너 혹시 심즈라는 게임 알아?,아 해보지는 않았는데 온라인에 올라온 사진 같은 걸로 본 적은 있어!
나 초등학생 때 심즈 1인가 2였나 나왔었는데 지금은 4까지 나왔어.,아 정말? ㅋㅋ/내 주변 애들이 관심이 없었던 건가 나는 잘 몰랐었던 거 같아!/그건 뭘 하는 게임이야?
그래서 그 심들로 다른 심들이랑 친구로 지내기도 하고 연인으로 지내기도 하고 가족도 만들고 직장도 다니고 휴가도 다니고 그런... 진짜 사람 인생처럼 플레이 하는 게임이야!,오 대박!/약간 내가 만들어가는 느낌의 게임이구나!/뭔가 내가 성장시키는 아니면 같이 커가는 기분이라 되게 재밌을 거 같다 ㅋㅋ/그게 벌써 4까지 나왔다니 인기가 아직도 여전한가 봐!
주로 여자들이 많이 하는 거 같아!,오 생각보다 되게 구체적이고 디테일한 게임이겠는데?/그 게임 캐릭터는 성인만 있는 거야 아니면 아이들도 있어?
되게 재밌어 ㅋㅋ,오 진짜 신기하다 ㅋㅋ/엄청 재밌을 거 같아!/전에 본 건데 팬들이 자기가 좋아하는 연예인 모습이랑 비슷하게 심즈 캐릭터를 만들어서 올린 거도 본 적이 있거든!
다만 무료 게임이 아니란 게 좀 아쉬워.,헉 무료 게임이 아니야?/이럴 수가/무료 게임인 줄 알았어!
그래서 여러 개 사면 엄청 비싸더라고 ㅠ,헉 그렇구나./돈이 들어가는 게임이면 확실히 이것저것 사다보면 돈 많이 나가겠다. ㅜㅜ
게임 회사들도 먹고 살아야 하니까 그런 거겠지?,맞아 아무래도 무료로만 하게 되면 한계가 있을 테니까.../나도 예전에 캐릭터 예쁘게 꾸미고 싶어서 현금으로 조금씩 구매하고 했었던 게 기억나네 하하
내년 최저임금 확정됐다더라!,오 정말?/올해랑 차이가 좀 있어?
내년은 9160원이래!,와 그래도 9천 원대로 올라갔구나!/확실히 물가도 점점 올라가고 그래서... ㅠㅠ
참 이게 어려운 문제 같아,정말 그래. ㅜㅜ/사실 코로나 터지면서 자영업자들도 정말 너무 어려워져서 문제가 정말 심각해졌고...
맞아. 월급 받는 입장에서야 마냥 최저임금 오르고 월급 오르는 게 좋긴 한데... 각자 입장이 다르니까 ㅠ,진짜... 좀 경제적으로 균형이 잘 맞춰져야 할 텐데 그건 정말 어려운 부분인 거 같아.
영세 자영업자들이나 소기업은 그럴 수도 있다고 보는데 중견기업이나 대기업은 최저임금 올랐다고 뭐 채용을 줄이고 이런 건 아니지 않나 싶고...,그치 아무래도 자영업자나 소기업과는 차원이 다른 부분이니까 참 어렵긴 어렵다./경제도 그렇고 취업난도 그렇고 얼른 해결이 좀 돼야 될 텐데 말이야.
맞아. 진짜! 물가도 진짜... 계란 가격이 너무 올랐어 ㅋㅋ,헉 최근에 우리 집에서도 그 얘기했었는데 계란이랑 파프리카 가격이 너무 올랐다고 ㅋㅋ
흑흑 장난 아냐,와... 진짜 너무 올랐다 ㅜㅜ/계란은 자주 먹고 많이 요리해 먹는 음식인데 이렇게 올라버리면 어떡하나...
작년 말인가 AI 터져서 그 영향도 있다나 봐 ㅠㅠ,아이고 그렇구나... ㅜㅜ/물가도 얼른 좀 안정이 됐으면 좋겠다...
얼마 전에는 중국 침수 재난 있더니 ㅠ 지금은 또 그리스랑 터키 산불이 난리더라...,전세계적으로 정말 난리구나./이게 잠깐이 아니라 계속 국가적으로 문제가 생기니까 점점 걱정이 커져 ㅠㅠ
에휴 진짜 남일 같지 않네,아이고 그런 일이 있었구나./진짜 국가적 재난이 계속 이어지니까 다들 걱정이 크겠어./우리나라만 해도 자연 재해가 계속 생겨나잖아 유유
그리스는 관광으로 먹고 사는 나라라서 지금 경제 상황도 매우 안 좋지 않나 우우,맞아./그리스 파산했다고 뉴스 본 거 같은데 산불까지 났다니.../특히 관광이 경제로 이어지는 나라들은 정말 큰 위기네.
다른 유럽 국가들한테도 화재 진압 요청했대.,와 화재 진압 요청까지 할 정도면 진짜 엄청 심각한 건데.../불 같은 건 정말 너무 번지면 진압하기도 힘들고 날씨도 도와주지 않으면 꺼질 생각도 안 하는 거 같더라구... 우우
예전에 호주에도 산불 엄청 심각하게 나지 않았나.,건조하면 불 끄기가 진짜 쉽지 않겠어./맞아/호주도 산불 엄청 심각했었지!/그때 4개월 동안 진압이 안 됐었다고 본 거 같은데...
그때 코알라들 너무 불쌍했어 유유 사람들도 그렇지만...,맞아/코알라가 못 빠져나와서 크게 다쳐있다가 겨우 구조된 모습 뉴스로 봤었는데.../이런 재해는 사람뿐만 아니라 자연이나 동식물도 다 큰 피해를 보니까...
맞아 산 다 불에 타고 나면 환경에도 엄청 안 좋을 거고... 멀리 떨어진 나라들이지만 뭔가 마음이 안 좋다,맞아 불이 꺼지더라도 그 영향이 너무 커서 회복하는 시간도 정말 오래 걸릴 텐데...
다른 나라에서도 공동 진화 작업해 주고...,정말 같이 도와서 얼른 해결됐으면 좋겠어./그래야 모두에게 오는 피해가 끝날 테니까... ㅠㅠ
나 이번에 역세권으로 집 알아볼려고!,그래? 어디 역 근처로?
아직 정하지는 않았는데 그냥 역이랑 가까우면 돼!,근데 역이랑 가까우면 가격이 올라가잖아
맞아 그렇긴 한데 역 가까운거를 무시 못하겠더라,그렇긴 하지 근데 지금도 나름 역세권이잖아
맞아 그래서 더더욱 역세권 아닌 곳으로 못가겠어ㅠㅠ,역 근처에 집은 있고?
이제 슬슬 찾아봐야지,그래 좋은 곳 찾으면 알려줘
나 이번에 부산 가는데 기차 타고 가볼려고!,"그래? 누구랑 가?, 두명이서 가?"
응 두명이서 가는데 자가 말고 기차탈려고,기차면 ktx 탈려고?
응응 ktx 타면 두시간이면 가더라고,가깝긴 한데 부산가서 걸어서 다녀야 되잖아
맞아 근데 그냥 가까운곳은 걸어 다닐려고!,그래도 힘들지 않을까?
그래도 나름 좋은 추억이 되지 않을까?,맞아 좋은 추억은 될거같아
너는 아르바이트 시급 얼마야?,나 이번 지원한 곳은 9000원이야
오 그러면 최저시급 보다 높네?,응 맞아 여기 최저시급 보다 조금 높대
그러면 일이 더힘든가?,아직 안해봐서 모르겠는데 돈 더 많이 주는대는 이유가 있지 않을까?
그렇긴 하지 시급 더 주는대는 더 힘들거야ㅠㅠ,내가 해보고 힘들면 그만 두던가 해야지
그치 아직 안해봐서 해보고 알려줘,응 내가 일해보고 알려줄게!
군대는 보직이 많은가?,내가 군대를 안가봐서 모르겠는데...
아마 이것저것 많겠지?,그렇겠지 우리나라에 군인이 생각보다 많잖아
맞아 우리가 모르는 보직 이름도 많을거야,맞아 우리는 진짜 기본적인 행정직 보직 이런것만 알겠지?
응 맞아 ㅋㅋ 그래도 병장 상병 이런건 알아,그건 나도 알아
그 순서가 일병 이병 상병 병장인가?,아마 이병 일병 상병 병장 순일거야 ㅋㅋ
이번 성적 잘 나왔어?,아니 아직 안나왔는데...
오늘 시험이였다면서,맞아ㅠ 근데 아직 성적 안나와서 몰라
어때? 너는 잘봤어?ㅠㅠ,아니 망한거 같아ㅠㅠ
그러면 어떡해ㅠㅠ,어쩔수 없는거지 다음에 열심히해야지
맞아 행복은 성적순이 아니래ㅠㅠ,응 그렇게 위안해야지
나 이제 곧 기념일이야,진짜? 무슨 기념일?
이제 곧 1500일이야!,오 오래 만났네?
응 그러게 만나다 보니 이렇게 왔네,너희 남자친구가 잘해주잖아
맞아 그러니까 만나는거지 너도 잘해주잖아?,맞아 나도 그래서 만나는거야 그래서 기념일에 뭐해?
나 아직 안정했는데 레스토랑 갈거같아!,가서 맛있는거 많이 먹고와!
나 오늘 동물병원 갔다 왔어,응? 갑자기? 왜?
아는 지인이 강아지 키우는데 아프다 해서 같이 같다 왔어,이런ㅠ 강아지는 괜찮아?
응응 지금은 약먹고 조금 괜찮아졌대,그러면 괜찮아져서 다행이네ㅠㅠ
응 근데 동물병원에 사람 엄청 많더라,맞아 요즘 강아지 고양이 키우는 사람 많아서 그럴걸?
그런가봐 생각보다 사람 많아서 놀랐어,그래? 우리도 다음에 강아지 한마리 키우자
너 내일 등산간다며?,맞아 나 내일 등산갈려고!
등산 어디로 가는데?,그냥 가까운대로 가는데 지금 고민이야ㅠ
고민이 있어? 무슨 고민?,내일 열시에 일이 생겨서 그거 끝나면 열한시라서 너무 늦나하고ㅠㅠ
아 갑자기? 그럼 안갈려고?,그래서 지금 갈지 말지 고민인거야
그래도 11시정도면 갔다가 점심 먹기 딱 좋지 않을까?,그런가? 그럼 도전해야겠다
너 보드게임 중에 뭐 좋아해?,나 보드게임을 잘 안 좋아해 ㅠㅠ
그럼 보드게임 뭐해봤어?,나 보드게임 중에 루미큐브 해봤어.
아 나 그 보드게임 알아! 어때?,그거 머리쓰는 게임이던데!
응 맞아 숫자 놀이인데 은근히 어려워.,맞아 근데 나 은근히 그거 잘해.
정말? 다음에 한번 같이해볼래?,응 다음에 만나면 같이해보자.
일기예보 봤어?,아니 왜 비온대?
아니 비소식 알고 싶어서 너 봤나 물어봤지 ㅋㅋ,나 일기예보 잘안봐 지금봐줘?
응응 봐주면 고맙지 ㅋㅋ,언제 비오는지 알아야 되는데?
이번주 일요일 봐줄래?,이번주 일요일에 비안온대! 어디가?
그냥 바람쐬러 나갈려고!,비안오니까 재밌게 놀다와
너 제페토 알아?,제페토? 어디서 들어본 것 같은데
요즘 메타버스 대세잖아!,메타버스가 뭐야? 교통수단이야?
오마이갓! 메타버스를 모르다니,그게 뭔지 알려줘봐
음 쉽게 말하면 가상세계야,아 그런 쉬운말을 두고 왜...
아무튼 메타버스로 요즘은 마케팅도 하고 다 해,코로나 때문에 가상세계가 더 가까워 졌구나
체코랑 라트비아 다시 재봉쇄한다는데,아 맞아 코로나 다시 퍼졌다더만
그래서 상가 문 다 닫는대 다시,헐 우리나라는 이제 더 개방하고 있잖아
우리도 어느 순간 갑자기 저렇게 될지도,그래도 백신 접종 많이들 하니까
맞아 쟤네들은 접종률이 낮대,그거 영향도 있긴 하겠다
처음으로 다시 돌아가서 답답하겠다,진짜 걸릴까봐 무서울듯
나 요즘 옷을 너무 많이 사는 것 같아,맞아 언니 옷좀 그만사고 피부관리를 해
피부관리하는거 왜이렇게 귀찮냐,근데 피부가 좋아지면 뿌듯해지더라
너는 피부관리 어떻게 하는데?,나는 매일매일 마스크팩을 해줘
1일 1팩? 그거 진짜 귀찮지 않아?,나는 매일매일 마스크팩을 해줘
ㅠㅠ 마스크팩부터 사야겠다.,응 이거 진짜 효과 좋은 것 같아
나 요즘 눈이 떨려서 영양제 먹을려고 하는데 추천해줘ㅠㅠ,그거 눈 떨리는거 마그네슘 부족해서야!
그럼 마그네슘 들어간 영양제 먹어야돼?,응 마그네슘 성분 들어간거 찾고 비타민c먹어
알았어 말해줘서 고마워 ㅋㅋ,아니야 이제 우리도 영양제 챙겨먹어야지
넌 꾸준히 챙겨먹어?,아니 나 잘 안챙겨먹게돼ㅠㅠ
맞아 영양제 챙겨먹는것도 일이야ㅠ,그렇긴해 그래도 꾸준히 챙겨먹도록 노력하자
나 이번에 영화 봤는데 별점이 별로 안좋더라ㅠ,언니는 재밌게 봤어?
응 나는 재밌게 봤는데 별점이 별로였어ㅠㅠ,그래? 그러면 왜 안좋지?
아마 개인적으로 느끼는게 달라서 그런거 아닐까?,영화 같은건 그렇긴 하지 ㅠㅠ
난 재밌게 보고 왔는데 별점이 낮아서 좀 속상해ㅠ,맞아 난 재밌는데 다른 사람이 그러면 내가 이상한가 생각 들수도 있겠다
그래도 난 나름 재밌어서 다른 사람한테도 추천해줄려고,아그래? 그럼 나한테 알려줘 내가보고올게!
요즘 아파트 가격이 진짜 비싸더라,수도권이 더 심하지
응응 진짜 어떻게 해야 아파트에 살 수 있는거지?,일반 직장인 연봉으로는 어림도 없지ㅠㅠ
진짜 대출 아니면 꿈도 못꿀거야,응 일단 대출이라도 받아서 들어가봐
집값이 지금이 제일 비싼 시기인것 같아서 망설여져,그것도 걱정되긴 하겠다.
응응 일단 청약부터 도전해봐야겠어,그래 언니 청약부터 해봐
너 토익학원 언제 부터 등록할거야?,나 아마 12월? 왜?
아니 나 그 학원에 포인트 있어서 너 등록할려면 줄려고,오!나야 좋지!
근데 그거 양도 되는지 확인해봐야돼ㅠㅠ,그래? 그럼 내가 알아볼게
주면 고맙지 알아봤어?,응 알아봤는데 그거 양도 가능하대!
그러면 너 토익학원 등록할때 말해줘,응 나 등록할때 말해줄게!
나 이번 기념일에 뭐할지 고민중이야,언니는 기념일 챙겨?
아니 그렇게 막 선물 주고 받는건 아니고 놀러갈까 해서,그냥 맛있는 밥 먹으면 되는거아냐?
응응 그렇지? 맛있는 음식 먹어야지,근데 매일 맛있는거 먹잖아
그것도 그래. 이젠 딱히 기념일에 뭐 하고싶은지 생각도 안난다.,ㅋㅋ 오래되서 그런가보네
응 뭐 기념일도 아닌것 같아,어차피 기념일은 또 오니까 그런가봐
오늘 코스트코 갔는데 맛있게 생긴 과자가 있어서 보니까 강아지 간식이더라...,응? ㅋㅋ 강아지 간식이였어?
응 살려고 하니까 강아지 간식이여서 내려놨어,요즘 대형마트에서도 강아지 간식이 나오네?
응 강아지 쿠션 이런것도 팔더라,아 나 그거 본거같아!
쿠션이 괜찮아보여서 이거 괜찮다고 했는데 알고보니 강아지꺼였어...,요즘 강아지꺼 엄청 좋은거 많대
그러게... 사람꺼랑 구분이 잘안나 ㅋㅋ,그렇게 강아지가 반려동물이 되어가는 중인가봐
이번에 배구가 인기가 많아졌어,맞아 그거 아마 올림픽 덕분일걸?
그치 올림픽에서 김연경이 유명해져서 그런 거 같아,김연경이 배구의 한획을 그었지
맞아 너는 유명해지기 전부터 김연경 좋아했잖아,맞아 나는 김연경 좋아했어
그런 귀여운 허세도 능력이 되니까 다 받아주잖아,그렇지 능력 없이 그러면 아마 욕먹을걸?
맞아 김연경 실력도 엄청나잖아,여자배구 연봉 일위래!
넷마블이라는 회사 알아?,그럼 당연히 알지.
하긴 게임 하면 넷마블인데 모를 리가 없지.,거기에 야채부락리 했었는데 ㅋㅋ.
맞아 나도 그 게임 했었어.,아직도 있는지 모르겠네.
그러게 이따가 검색해봐야겠다.,넷마블에서 다른 게임도 유명했잖아.
모든 게임 유명했을걸?,맞아 ㅋㅋ 다음에 시간 맞으면 같이 게임 하자.
누리호 발사한 거 봤어?,안그래도 아까 출근하면서 봤어
우리나라는 아직 기술이 안되나보네,그러니까 생각보다 우주기술이 약하구나
나 항공관련주 샀는데,헐 뉴스 보니까 떨어졌다던데
어 한 6프로 떨어진 듯 망했어,야 다시 또 발사할 때까지 존버해야겠다
몇 년 뒤에 할지도 모르는데,그래도 기다리면 시기가 오겠지
중국에서 넷플릭스 못 보는 거 알지?,그렇다며 근데도 오징어게임이 열풍이래
나 오늘 기사봤는데 무슨 프로그램도 만들었대,어떤 프로그램 말하는거야?
오징어게임이랑 이름이 비슷한?,헐 그럼 표절한거야?
암튼 중국에서도 문제돼서 폐지 되긴했대,와 진짜 우리나라 컨텐츠 대박이다
그니까 그렇게까지나 열풍인줄은 몰랐어,나도. 괜히 좀 자랑스럽네
메이크업 샵에 가서 받으면 진짜 다르겠지?,그럴걸? 그래서 신부화장이 사기래잖아
맞아 신부화장한거 보면 다 예쁘더라,응 메이크업도 정말 중요한 것 같아
나도 한번 받아보고 싶다.,언니 결혼할 떄 받을거잖아
그건 그런데 지금 받아보고 싶어 ㅋㅋ,그럼 한번 받아봐 얼마 안할걸?
전문가의 손길은 다르겠지?,당연하지! 일단 샵에 가보자
기억에 남는 웹툰 있어?,나 얼마전에 본 웹툰은 여신강림
여신강림? 그거 재미있어?,재미있기도 하고 일단 그림체가 예뻐
"종다, 어떤 스토리인데?",여자주인공이 못생겼는데 화장으로 예뻐져서 성공하는 스토리인가봐
오 줄거리가 흥미로운데?,응응 봐봐 요즘 인기있는 웹툰이야
응 어디에서 보는데?,네이버웹툰! 완전 추천
오늘 자전거 타고 출근했어,자전거를 타고 출근 했다고?
응 처음으로 도전해봤어,와 어땠어? 출근해서 땀 범벅 아냐?
생각보다 땀은 많이 안나더라,아침부터 운동하고 좋겠네
응 따로 운동할 시간이 안나서,자전거 타면 교통 체증 없겠다
맞아 자전거 도로 한산해,나도 다음에 한번 도전해볼래
이번 기념일에 이벤트좀 해볼까?,그래? 어떤 이벤트?
아니 매번 받기만 해서 미안하니까 나도 좀 해보려고,기발한 아이디어는 있어?
아니 없어. ㅋㅋ 너한테 도움좀 받으려고,나도 이벤트 해본적 없어서 잘 모르는데 ㅋㅋ
아 그럼 인터넷으로 검색해봐야하나?,그러면 식상한 이벤트들만 나올걸?
ㅋㅋ 그냥 얘가 좋아하는거로 사줘야겠다.,그래 그게 제일 최고일거야.
자전거 안탄 지 너무 오래된 것 같아,언니 옛날에 자전거 주말마다 탔잖아
맞아ㅠㅠ 그땐 그게 진짜 타기 싫었는데,응 언니 그때 진짜 싫어했잖아
응 근데 요즘은 왜 그립나 몰라,ㅋㅋ 진짜 언니도 나이먹었나보다
그러게 오랜만에 자전거나 타러 가볼까,언니 자전거 있어?
아니 대여해주는 곳 많잖아 요즘,ㅋㅋ 그러니까 나도 자전거 타고 싶어진다.
너 닌텐도 갖고 있었나?,응 나 닌텐도 있지. 동물의 숲 하잖아.
오 너도 해봤구나?,응응 동물의 숲 하다 보면 중독되는 것 같아.
맞아 그 bgm이 마음을 편안하게 해주는 것 같대.,응응 뭔가 약간 힐링 게임 같아.
그래? 오 나도 한번 해봐야겠다.,응 이거 재밌어. 그리고 마리오 카트도 재밌어.
너 그것도 있어?,아니 친구가 빌려줘서 해봤는데 재밌더라고!
백신패스 도입 되면 좋겠다,나 백신 아직 안맞았는데?
너 화이자 맞은거 아니야?,아직 1차만 맞았어
나도 1차만 맞아서 아직 패스는 아니야,그래도 곧 맞으니까
그럼 자영업자들 좀 괜찮으려나,아무래도 그렇지 않을까
위드코로나가 필요한 시기야,나도 엄청 동감해
중국 헝다 이슈 알고있어?,자세히는 모르는데 듣긴 했어
걔네 땜에 미국 증시 엄청 떨어졌잖아,거기가 완전 큰 회사인가?
중국 대기업이지 완전,오늘 기사 보니까 또 위기라던데
매각한다고 그러지 않았어?,아는구나./그거 실패했다더라
아 할 뻔했는데 무산된건가?,어 그래서 중국 부동산 위기 올수도 있대
나 이번에 새로 산 아이섀도우 팔레트 진짜 예쁜 것 같아,오 뭔데? 발색 잘나와?
응응 진짜 대박이야 나랑 잘어울리는 색이 많아서!,언니는 붉은색 계열 좋아하잖아
응응 근데 나랑 진짜 찰떡이야,오~ 셀카 찍어서 보내줘
ㅋㅋ 내가 주말에 찍어서 보내줄게,응응 보고 예쁘면 나도 사야겠다.
이거 진짜 추천! 주말에 한번 써봐,오 그러면 되겠다! 응
너네 집쪽은 차 많이 안막혀?,많이 막혀 이상하게 차가 많아
출퇴근 시간에는 더 심하지,아니 왜 집 앞에만 오면 그렇게 막히는지
진짜야 차라리 지하철이 빠르다니까,지하철이 무조건 빠를걸?
차 가지고 다니면 안돼겠다,그래도 차타는 게 편하긴 해
그건 그래 시간은 걸려도,몸이 훨씬 편하니까 자꾸 타게 된다
후... 내 머리카락 정말 싫다,머리카락이 뭐가 어떤데?
곱슬이고 부시시하고 얇아,머리 묶어서 잘 몰랐어
부모님이 둘 다 곱슬이시거든,아 머리카락 유전이구나
응 그래도 탈모 유전자가 아니라 다행인가,우리 오빠는 탈모 올 것 같대
할아버지가 탈모셔?,응 그래서 관리 열심히 하라했어
나중에 신혼집은 몇 평이었으면 좋겠어?,ㅋㅋ 크면 좋지 않을까?
또 너무크면 청소하기 힘들지 않을까?,하긴 적당한게 좋은 것 같아.
나는 큰 드레스룸이 갖고싶어,언니 지금 집에 드레스룸 있잖아
여긴 너무 좁아ㅠㅠ 여기 이사오기 전엔 이게 제일 좋았는데,그러게 옷이 계속 늘어나니까 드레스룸이 작아지지?
응응 ㅠㅠ 더 큰 옷장이 필요해.,ㅋㅋ 나중에 신혼집은 큰 드레스룸 있는곳으로 가
아니 너 있지 않아?,응 나 있어 ㅋㅋ 그래 이번 주말에 갈까?
너 기초화장품으로 뭐써?,왜 언니 쓰던거 다썼어?
응 나는 매번 다른제품으로 시도하는데 잘 맞는게 뭔지 모르겠더라.,나는 쓰던거만 쓰는데 이거 좋아
오 그거 뭔데?,일단 토너패드로 닦아내고 바르면 더 좋더라구
맞아 닦토 얘기만 많이 들었던 것 같아,응 그리고 진짜 편해 슥 닦아내면 끝이야
오 근데 자극은 많이 없어?,응응 괜찮던데? 언니도 한번 써봐
오늘 노들길이 엄청 막히더라?,헐 대박 거기 원래 많이 막혀?
원래 적당히 막히는데 오늘은 너무 심했어,오늘 무슨 사고 났나?
아니 무슨 입구부터 차가 줄을 서있어,아하 그래서 지각한거구나
맞아 나 진짜 억울해,차는 진짜 복불복이야
맞아 날씨 영향도 많이 받고,그니까 나처럼 지하철을 애용하라고~!
너네 오빠 결혼했다 그랬나?,아니 아직 못했어
못한거야 아니면 안한거야?,당연히 못한거지/누가 해주겠냐
아 요즘에는 비혼 하는사람들도 많잖아,그냥 할 사람 없어서 못한거야
아 진짜 인기 없어?,옛날에 어릴 땐 많았는데 지금은 없을걸?
왜 그렇지 역시 나이가 깡팬가,그냥 돈 없어서 그런듯
나 이번 주말에 데이트 하러 가기로 했는데 어디갈까?,어디갈지는 안정했어?
응응 ㅠㅠ 어디 갈지는 안정했어.,요즘 날이 꽤 추우니까 실내쪽으로 알아봐
하긴 날이 추워서 밖은 감기걸리기 좋을 것 같다.,응응 실내스포츠는 어때?
괜찮은게 있나? 어떤거?,요즘 스포츠몬스터 인기있더라
아 나 거기 들어봤는데 재미있대?,응응 시간 대비 진짜 재미있대. 한번 다녀와봐
너는 반려동물 키운 적 있어?,나 진짜 단 한 번도 없어
우리집은 강아지 키우는데,완전 좋겠다/어느 종이야?
검정색 토이 푸들이야 3살,헐 진짜 귀엽겠다/나도 키우고싶어
너도 키워 진짜 좋아,우리 집은 부모님이 싫어하셔
어른들은 막상 데려오면 제일 좋아하실걸?,아냐 예전에 어릴때 개에 물린 적 있다 그랬어
하키선수들은 엄청 춥겠지?,그렇지 않을까? 아무래도 빙판위에 있으니까
그치 근데 하키선수들 보면 하나도 안추워보여,계속 뛰다보면 열이 나나봐
그렇지 에너지를 계속 태우니까,응응 하긴 그렇겠다. 하키도 재밌어보이더라
맞아 아마 평생 한번도 못해보겠지?,아마도 그렇지 않을까? ㅋㅋ
응 그냥 경기 보는 거로 만족해야지,그래 보는 것도 재미있어
올해 처음으로 내복 입었어,와 벌써 내복입을 날씨야?
저번주 주말부터 너무 추워,나도 내복 새로 사야겠다
어디서 살거야? 같이가줄까?,그냥 인터넷으로 구매하려구
1+1 행사할때 쟁여둬,내일도 기온이 되게 낮네
빨리 배송이 와야 입을텐데,그러게 오프라인으로 사야할까봐
향기도 좋고 촉촉한 헤어에센스 어디 없나?,헤어에센스 대부분 다 향기 좋던데?
그건 그런데 내스타일인 향을 아직 못찾았어.,올리브영 가보면 엄청 많잖아
종류가 너무 많으니까 못선택하겠더라.,그것도 그렇지. 그 중 제일 인기있는 것 부터 써봐
추천해줄만한 것 있어?,나는 헤어에센스를 잘 안써서ㅠㅠ 잘 모르겠어.
응 그럼 일단 인기있는것부터 사서 써봐야겠다.,응 잘팔리는데에는 다 이유가 있을거야
영화 보이스 봤어?,아 최근에 개봉한거 맞아?
응 얼마전에 봤는데 재밌더라,친구도 그거 봤대
친구는 그 영화 어땠대?,보이스피싱 교육 영상 이라더라
아 무슨 말인지 이해 간다,영화 자체는 신선했대
배우들 연기가 참 좋았어,나는 인터넷에 뜨면 봐야겠어
너 어디 살아?,나는 쭉 서울에 살았어
태어난 곳도 서울이야?,아니 나는 성인 되고부터 서울 올라왔어
혼자서 그럼 자취하는 거야?,응 나는 혼자 자취한지 꽤 됐지
그럼 몇년이나 산거야?,거의 9년정도 아니면 넘었나?
헐 되게 오래됐네,그냥 살다보니까 그렇게 됐어
교통정리 해주시는 분들 있잖아,아 막 봉 들고 신호 정리하는?
어 아침에 보면 되게 많이 있거든?,나도 봤어 큰 길에 보면 항상 있어
그 분들 경찰 아니래,아 진짜? 난 여태 경찰인줄
그치 다들 그렇게 알고있을걸?,암튼 근데 그게 은근히 도움이 돼
맞아 꼬리무는 것도 안하고,꼬리무는 거 진짜 답도없어
너 고향 자주 내려가?,아니 자주 못 내려가
고향이 많이 멀어?,응 버스타면 5시간 걸려
와 너무 멀긴 하다 진짜,비행기타면 1시간 정도 걸려
그래도 비행기는 비싸잖아,응 그래서 자주 못내려가
한번 갈 때 푹 쉬다 와야겠다,응 조만간 한번 다녀오려구
프로포즈는 남자만 하는건 아니잖아?,응 그렇긴 하지. 언니가 하게?
응 그래볼까 했지,오~ 계획은 있어?
이제부터 세워볼까 하고있어,ㅋㅋ 맞아 요즘에는 여자들도 한대
응응 검색좀 해봐야겠다.,응 언니 멋있다~ 프로포즈 할 생각도 하고
말로만 하고 안할수도 있다. ㅋㅋ,일단 찾아보기나 해 하하
요즘 개팔자가 상팔자야,나도 강아지로 태어나고 싶어
부잣집 강아지로 태어나고파,나보다 더 맛있는거 먹던데
맞아 좋은 옷 입고,일 안하고 집에 누워만 있잖아
다음 생엔 애완동물로 태어날래,부디 부자집 반려동물로 태어나길
와 상상만해도 행복하다!,버림받지않고 쭉 살았으면
이번 올림픽 때 양궁 진짜 멋있었지,맞아 나도 보면서 감동먹었어
응 그리고 올림픽 끝나고 다들 유명해진 것 같더라,맞아 캐릭터 하나씩 갖고 있는 것 같았어
나도 집사부일체 나온 거 보니까 진짜 재밌더라.,맞아맞아 그때의 감동이 다시 느껴지는 듯 하기도 했고
응응 나는 실내양궁장에서 한번 해봤는데 자꾸 천장으로 가더라고,언니가 조준을 잘못한 거 아니야?
아냐 나는 제대로 했는데 자꾸 위로 날라갔어. 근데 이게 힘이 없어서래,아 힘이 없어서 그대로를 유지 못하고 손이 올라가나보네?
한국은 사계절이 뚜렷해서 좋아,요즘엔 봄이랑 가을이 짧아지고 있잖아
맞아 그게 너무 아쉬워,나는 가을이 참 좋은데
나도 가을하늘 너무 맑고 좋아,벚꽃 피는 봄도 좋아
"봄도 너무 좋지, 황사만 아니면…",요즘은 미세먼지 때문에 봄도 반갑지 않네
그래서 가을을 더 선호하게 되나?,선선한 날씨에 소풍 가고 싶다
파마했더니 머리카락이 개털된것 같아ㅠㅠ,원래 미용실 한번 다녀오면 손상되는건 어쩔수 없어
맞아 그래서 관리를 해줘야하는거겠지?,응 그렇지 트리트먼트 꾸준히 해주고 헤어에센스 발라주고
맞아 나는 트리트먼트 매일 하는데 왜그럴까?,그거 트리트먼트 모발 끝쪽에만 바르고 잠시 방치해둬야한대
나도 나름 방치한 뒤에 헹구긴 하는데ㅠㅠ,그럼 트리트먼트를 바꿔봐. 요즘 좋은 제품 많이 나오더라
마침 이거 다 써가는데 좋은거 있나 찾아봐야겠다.,나 쓰는거 있는데 진짜 좋아. 언니 이거 한번 사봐
영화보고 싶다 영화관에서,요새 개봉한 거 볼 거 있나?
아니 그냥 아무거나 좋아,그냥 영화관이 가고싶은 거지?
그것도 그래 안간지 오래되가지구,맞아 영화관 분위기가 맛이 있지
아니 영화관 팝콘이 맛있지,그건 당연하지/카라멜 팝콘 먹고프다
요새는 관 안에서 취식도 못하잖아,그러니까 영화는 팝콘먹으려고 보는건데
나 청약통장 깰까 고민중이야,청약통장을? 아까워 깨지마
급하게 돈이 필요해서,대출이 왜 갑자기 필요한데?
집 앞에 상가건물 매물이 싸게 올라왔더라구,그래도 청약통장 깨기엔 아까운데
요즘 대출도 잘 안나와서 힘들어,청약통장을 보증으로 하는 대출 알아봐
어머나 그런게 있어?,응 통장은 깨지마 절대!
요즘 신차나오는 기간이 엄청 길대,차를 사고싶어도 못 사는거야?
응 예약을 걸어 놔야 한대,왜 이렇게 오래 걸린데?
차량 안에 들어가는 어떤 부품이 만들어 지는데 좀 오래 걸려서 그렇대,"아,, 신기하다. 차 빨리 갖고 싶은데 안나오면 슬프겠다"
맞아... 6개월은 기본으로 기다려야 하는것 같던데,"어휴, 돈이 있어도 바로 못 갖다니"
"그래서 요즘 중고차 값도 많이 올랐대,","대박이네,, 이럴 때 차를 팔아야 돈 많이 남기겠다."
회사 1층에 카페 알바생 봤어?,응 그 키 큰 알바생 말하는거지?
너무 잘생겼더라 번호 딸까?,같이 일하는 다른 알바랑 친해보이던데
알고보면 둘이 커플이려나,나중에 커피 시키면서 자연스레 물어봐
근데 괜히 까이면 민망하겠다,회사 건물이니까 자주 마주칠듯
그래 번호따는건 접어야겠어,가끔 구경하면서 눈호강이나 하자
나 동생이랑 방금 싸웠어,동생이랑? 왜 무슨일이야
동생이 내 옷 마음대로 입고 나가서,에이 자매끼리 좀 입을수도 있지
깨끗하게 안입는게 문제야,너가 너무 깔끔떠는거 아니야?
아니야 내가 아끼는 옷이라구,동생이 사과 안했어?
언니가 쪼잔하게 왜그러냐더라,어휴 잘 대화로 풀어봐
앵무새 키우고 싶다,엥 왜 갑자기 새가 키우고싶어?
그냥 내가 키우는 동물이 말할 수 있으면 좋겠어,너 진짜 취향이 특이하다
혼자 집에 있으면 외롭잖아,근데 진짜 사람같이 말하더라 앵무새
그치 성대 모양이 비슷한가?,진짜 그럴수도?/억양까지 따라하던데
무시할게 아니야,너가 하는 말 따라하면 골 때리겠다
나 예전엔 배구 잘 몰랐는데 이번에 올림픽 때문인지 재밌더라.,나는 원래 배구 좋아했었어.
맞아 너는 경기도 보러가고 그랬잖아.,응응 그랬지. 이번 올림픽으로 배구가 더 인기있어진 것 같아서 기분좋아
하하 나는 너 때문에 코보컵이라는 거 처음 들었잖아.,맞아 모르는 사람도 많을걸?
그치? 배구의 매력에 한번 빠지면 빠져나오기 힘든 것 같아.,나 이번에도 경기 보러 갈건데 같이 갈래?
오 나야 좋지!! 실제로 보면 정말 재미있겠다.,티비로 보는 거랑 완전 달라!
알투비트 새로 나온대.,헐 완전 추억의 게임 아니냐.
그러니까 우리 초딩때 나왔었는데.,나 그때 진짜 열심히 했잖아.
근데 지금까지 안 죽고 살아있는 게 신기해.,그러니까 완전 추억 돋겠다.
암튼 재출시하면 해봐야지.,나도 해볼래 모바일용인가?
몰라 그건? 아마 컴퓨터 용일 걸?,아 진짜? 요즘은 모바일이 대센데...
다시 좀 기온이 높아진것 같더라,그러니까 요 며칠 진짜 춥더니
이제야 좀 가을 같애,나도 가을 없어진 줄 알고 진짜
여름하고 겨울만 남은줄,온난화땜에 계속 짧아지고 있다더니...
그니까 너무 심하긴 해,아니 그런데 옷 입는게 진짜 신경쓰여
그치 낮에는 또 햇빛에서 엄청 따뜻해,맞아 밤에는 완전 겨울이구만
북한에 백신 지원 사업은 해야 할까?,북한도 우리 동포니 인도적 차원으로 해줘야지
우리나라도 지금 백신 부족한데 그렇게 해야 돼?,우리가 먼저 대화의 장을 열고 다가가야지
그래봐야 북한은 미사일 쏘고 긴장감만 고조시키잖아,그건 북한의 잘못이지만 그래도 우리마저 마음 돌리면 영영 통일 안되
너무 우리만 일방적인 거 같아서 그래,너 말도 일리 있는 말이야
그래 통일 하려면 북한도 그에 맞는 행동을 해야지,그래 그러기 위해서 우리가 좀 더 노력하면 좋아 질 거야
너 퍼스널컬러 뭔지 알아?,아니? 언니는 알아?
아니 나도 몰라서 ㅋㅋ 궁금하지 않아?,응 요즘 많이 받고 오는것 같더라.
나도 어떤 색이 어울리는지 알아야 그에 맞는 옷을 살텐데,그치 그러면 옷이나 화장품 색상 선택하는데 도움이 될 것 같아.
응 퍼스널컬러 진단 받으려면 생얼로 가야한대,"헐,, 하긴 생얼로 가야 진단받기 편하겠다."
응응 다음에 한번 같이 받으러가자,응 나도 관심있었는데 같이 가자
어제 밤새 울었더니 눈이 부었어,밤새 울다니 무슨일이야?
엄청 슬픈 영화 봤거든,슬픈영화? 어떤거 봤는데?
7번방의 선물 봤어,아 그거 엄청 슬프잖아
두 번째 보는건데도 너무 슬프더라,너 감수성이 풍부하구나
응 나 영화보면서 잘 울어,가끔 울고 싶은 날이 있긴하지
드디어 집청소 끝났어,고생했어. 오늘 대청소 했어?
응 이제 계절이 바뀌니까,너도 참 부지런하다 얘
기관지가 안좋아서 먼지 많으면 힘들어,혼자 대청소 한거야?
원룸이라 혼자도 충분해,그래도 도움 필요하면 말해
응 말이라도 고맙다 친구야,언제든 도와주러 갈게
오늘 사무실 어린이날이야!,어른이 무슨 어린이 날?
아니 오늘 과장님 안오시거든,아 정말? 휴가신가보네
아니 우리 재택근무로 교차출근하거든,재택근무 완전 좋겠다
오늘 나랑 동기만 출근하는 날이야,편하겠네 아무도 없어서
그러니까. 내 세상이야 완전,몸만 회사에 있고 자유네
가족은 대부분 사이가 좋지?,당연한 소리 아닌가?
나는 이제 가족이 어색해,오랫동안 혼자 살면 그럴 수 있지
근데 그게 너무 남같다는게 문제야,뭔지 알아... 사실 오랜만에 보면 어색할 때도 있어
너도 그래? 난 진짜 심하거든,그래도 부모님이 어색한게 말이 되냐
그러니까 잘 좀 해드려야되는데,그냥 너가 살갑게 대해드려
나만 고양이 없는 것 같아,나도 고양이 없어
친구가 얼마전에 냥줍했거든,헉 새끼고양이야? 귀엽겠다
내 친구 부러워,고양이 집사는 운명이라던데
맞아 고양님께 선택 받아야 해,냥줍은 운명인듯 하다
츄르 사서 놀러가기러 했어,나도 같이 가면 안될까?
나 요즘 동상이몽 다시 보는데 여기 이상화랑 강남 부부 나오는 거 진짜 재밌다.,빙상여제 이상화선수?
응응 이상화랑 강남이 노인 분장하고 수강생들 속이는데 대박,ㅋㅋ 어 나도 그거 본것 같아
응응 근데 이거 보다보면 이상화선수가 진짜 대단했던 것 같아.,그치 수상 경력보면 어마어마할걸?
응 여기 안그래도 이력 보여주는데 엄청 많더라.,집에 메달도 엄청 많을 거야.
그치 금메달도 여러 번 가져왔으니까,응응 진짜 멋진 것 같아. 이상화 선수
카카오프렌즈 골프 게임 알아?,응 나 그거 이모티콘 받으려고 시작했어.
오 골프 칠 줄 알아?,아니 골프 실제로는 못 쳐.
게임이랑 룰이 다른가?,음 비슷한 것 같아.
재미있어? 같이 할 수 있는 건가.,응 친구랑 플레이도 할 수 있어.
나 좀 알려줘 같이하자.,그래 내 실력을 보여주겠어.
계절 바뀌는 거 너무 싫어,아니 호주처럼 계속 여름이면 좋겠다
호주는 여름나라인가?,아마 그럴껄? 그래서 크리스마스도 여름이잖아
어 그거 기사에서 본거같다,그래도 연말에는 눈이 내려줘야되는데
맞아 추워도 분위기는 있어,지금 얼마 안있으면 크리스마스 곧 되겠다
그러니까 계절이 진짜 금방 바껴,겨울 옷 좀 사야겠다 나는
인생 영화 뭐야?,나는 디즈니 영화들 좋아해
디즈니 명작 많지,인사이드아웃이라는 영화 봤어?
아 본거같아! 캐릭터들 나오는거,맞아 난 그게 인생영화야
소재가 되게 독특했었지,디즈니 상상력 진짜 최고아냐?
그러니까 그걸 시각적으로 풀다니!,신작들 자주 개봉해줬으면 좋겠다
오늘 이불 세탁 해야겠다,이불 세탁 어떻게 해?
세탁소 맡길 때도 있어,매번 맡기면 비싸지않아?
응 그래서 셀프 코인세탁 자주 이용해,셀프로도 이불 빨래 할 수 있구나
건조만 잘 시키면 좋아,그런건 보통 얼마해
1시간에 건조 포함 만원 정도?,생각보다 가격도 괜찮네!
아니 오늘 미팅 있었는데 망했어,왜 망했어 무슨 일인데
내가 오늘 발표하는 거였거든,왜 뭐 내용에 틀린 거 넣었어?
맞아 내가 완전 옛날 자료로 발표한거야,헐 바로 알더나
어 바로 알지 전문가들인데,어떻게 됐어 깨졌겠네
완전 탈탈 털렸지 탈곡기처럼,안돼겠다 오늘 한 잔 해야겠네
친구 대학원 등록했대,와 공부에 대한 열정이 대단하다
나는 학교 졸업하고 전공 접은지 오래야,나도 거의 회사일만 했는데
이번에 석사 준비한대,회사 다니면서 다닌대?
응 야간대학원이라 병행한대,허락해준 회사도 대단하다
그 친구 아마 박사도 노릴건가봐,나도 공부에 뜻이 있었으면 좋겠다
가족들이랑 여름 휴가 가야하는데,특별한 계획이라도 있어?
동생이 제주도 가고싶대,제주도 말만 들어도 설렌다
근데 아무래도 어른들이랑 가서 걱정도 돼,어떤 부분이 걱정인데?
단체 투어신청을 할까봐,음식 같은것도 신경써야겠다
맞아 동생이랑 둘이 가는게 편한데,그래도 추억 쌓고 좋겠다!
반려동물 키워본적 있어?,응 나는 어릴때 병아리 키웠어
학교 앞에서 파는 그런 병아리?,맞아 뭣도 모르고 사왔지
근데 그 병아리들 아프잖아?,그렇다고 들었는데 난 오래 키웠어
닭까지 키운거야 설마?,아파트라서 닭 되기 전에 분양보냈어...
분양이라면 어디로 보냈어?,마당 넓은 시골집으로 보내줬어
엄마 예전에 수영 배우지 않았나?,응응 엄마 수영 배우러 다녔었잖아 왜?
아 나 수영을 못해서ㅠㅠ 배워볼까 싶길래,그래 언니 생존수영이라도 해야지
맞아ㅠㅠ 나는 왜 물공포증 있지?,그러게 우리 집에서 언니만 수영 못하잖아
ㅠㅠ 나도 수영 잘하고 싶다.,언니는 물공포증부터 없애야해
근데 물속에서 적응하면 조금 괜찮아지던데?,오 그럼 일단 시작부터 해봐!
아 분명 오늘 비 안온댔는데,헐 점심에 소나기 내리던데?
내말이! 잠깐 나갔다가 다젖었어,우산 안챙겼구나 오늘
기상청은 정말 믿을 수가 없어,요새 날씨가 너무 오락가락해
신발이랑 양말 언제 다 말리냐,아이구 속상했겠다 찝찝하고
맑은 하늘에 소나기라니 휴,감기 걸리지 않게 조심해
왓챠에 요새 볼 영화가 없네,나는 그래서 시리즈온 봐
시리즈온은 어디 거야?,시리즈온은 네이버 서비스야!
나도 왓챠 해지할까,또는 넷플릭스도 추천해!
넷플릭스는 이미 보고 있어,구독 서비스 너무 비싸
난 가끔 그래서 건당 결제로 봐,그게 더 저렴할수도
아 정말 집안일 하기 귀찮다,옛날에는 진짜 어떻게 다 하고 살았지
내말이 진짜 쉴 틈도 없었을 듯,어휴 난 그때 태어났음 인생 포기다
아니 벌써 빨래 일주일치 쌓였어,원래 하루만 안해도 금방 쌓여
안하면 티나고 해도 티 안나는 집안일 극혐이야...,오 왠지 좀 주부같은 발언이다
결혼도 안했는데 왜 주부의 삶이냐 진짜~,돈 많이 벌어서 도우미를 부르자
아 사람 뽑는게 쉽지가 않네,너네 사람 뽑고있어?
어 우리팀에 계약직 한 명이 나갔어,헐 갑자기 말도 없이?
아 그런건 아닌데 아무튼 구해야돼,어떤 일 하는데 어려운거야?
그렇게 어려운 것도 아니야,나 아는 동생이 지금 백수거든
어 그럼 지원해보라고 할래?,걔도 좋아할듯 지원 링크 좀
아 나도 어릴때 유학갔으면 좋았을걸,고를 수 있다면 어디로?
미국이나 영국 아니면 호주,영어권에 가고싶나보네
솔직히 한국에서 영어 잘하는게 좋잖아,맞아 한국인데 왜 영어가 필요한지
진짜 살다오면 따로 공부도 안해도되고,예전에 살다온 친구 있었는데 발음이 진짜 좋아
그러니까 나는 굴려도 안되는데,어릴때 혀가 말랑할때 배워야돼 역시
아버지 생신에 용돈 얼마정도 드려야할까?,음 나는 형편에 맞게 드리는데
5만원만 드리면 서운하시려나?,금액이 중요한게 아닐거야
하긴 안줘도 된다고 늘 말씀하시는데,어른들의 거짓말 아닐까
맞아 다른 자식들은 용돈주고 할텐데,말은 그렇게 하셔도 좋아하실걸?
이번달엔 10만원 드려야겠어,엄청 좋아하시겠다 아버지
어제 우리 강아지 아파서 병원갔어,어디가 어떻게 아팠어?
슬개골 탈골이라는 병이래,어머 강아지가 나이가 좀 있구나
응 그래서 진단 받고 왔어,병원비도 엄청 깨졌겠다
다행히 보험 들었어서 괜찮아,반려동물도 보험이 되구나
응 요즘 잘 돼 있어,반려동물 키우면 필수겠다
너 캠핑 많이 가봤지?,"응 그치, 언니 캠핑가게?"
응응 근데 쪼금 무서워 ㅋㅋ,뭐가? 텐트 치는 거 때문에?
응응 텐트 치는 게 제일 힘든 거 아냐?,아냐 불 피우는 거도 힘들어 ㅋㅋ
ㅋㅋ 하긴 캠핑은 다 고생 같은데 왜 가나 싶어,근데 또 그 맛이 있잖아
그래서 캠핑 못잃는거지?,응응 그래서 캠핑 못잃어 ㅋㅋ
가을에 원래 이렇게 비가 많이 오나?,그치 요새 비 자주오지
나만 그렇게 생각하는게 아니었어...,올해는 장마 별로 안왔지
아마 그랬던 것 같은데,원래는 천도 넘치고 이랬는데
맞아 올해는 그런 적 없었던 거 같아,매년 날씨는 예상을 할 수가 없네
기상청이 잘못했네 잘못했어,아니 근데 나 같아도 못맞출듯
요새 뭐 좀 볼거 없나?,넷플릭스 켜서 아무거나 봐
넷플릭스 들어가면 뭐볼지 고민만 해,맞아 완전 공감
들어가서 한시간 동안 예고만 여러개 보고,막상 볼게 없긴 해
너 뭐 재밌게 본거 없어?,글쎄 끝까지 간다 재밌었는데
우리나라 영화인가 그거?,어 난 거의 한국영화만 봐
나 요즘 인테리어에 관심이 많아져서 집좀 꾸미고 싶더라,나도! 그래서 이번에 무드등 하나 사려고! 너는?
오 무드등 좋지. 나는 집에 조명이 많아서 무드등은 말고 액자나 소품들 사고싶어,액자 좋다! 그림이나 사진 있으면 분위가 달라지지
"맞아 근데 가격대가 꽤 나가더라구, 추천 하는 소품 있어?",장식용 식물도 많으니까 그것도 한번 알아봐!
그것도 알아볼게. 고마워.  너도 키우는거 있어?,나는 스투키 키우고 있는데 관리할 필요 없고 좋아!
나도 한번 찾아볼게,그래 집안에 식물 하나 있으면 좋더라고!
회사 다니고 싶다 진짜,나는 진짜 다니기 싫은데
너는 이미 다니고 있으니까 그렇지,앗 취준생한테 내가 무슨말을
그러니까 배부른 소리 하지마,너도 다니면 알게 될걸?
아니 나는 뽑아만 주면 삼보일배 하면서 다닐건데?,지금 한 말대로 하나 내가 지켜본다
진짜야 뽑아만 줘봐 뽑아주고 말해,내가 사장이면 너 뽑는다
아 맞아 강의 듣는 거 깜빡했다,무슨 강의 들어야 되는 거 있어?
아 나 클래스 신청해놨거든,아 뭐 공부 시작했어?
나 배우고 싶은 거 생겨서,대단하다 회사 다니는 것도 바쁠텐데
아니 내가 영어를 못하잖아,너 일 하는데가 영어 필요한가?
"그건 아닌데, 토익 점수 따야해서",회사에서 토익 점수는 대체 왜 필요한건지...
아 나도 언니 있으면 좋겠다,너는 니가 언니잖아
그러니까 나도 언니있고 싶다고~ 동생말고,그래도 나는 자매 있는거 자체가 부럽다
맞아 그건 인정해 자매가 좋지,오빠랑은 갈수록 말이 안 통하는듯
왜 그래도 든든하지 않나,오히려 어릴 때는 든든했는데
지금은 별로 안든든해?,어 별로 쓸모가 없어 이제
윗층 강아지가 대형견이라 무서워,강아지랑 자주 마주쳐?
엘레베이터에서 가끔 마주쳐,강아지 입마개 안해?
입마개 해야하는데 안하더라고,헐? 무슨 그런 무개념 견주가 있냐
나는 무서운데,한번 좋게 말해봐
그래야겠어 나는 트라우마가 있어서,그러게 마주치면 참 무섭겠다
너 요트 타봤어?,아니 요트 엄청 비싼 거 아니야?
나도 그런 줄 알았는데 그렇게 안비싸대?,아 그래? 오 그러면 기념일 같은 날 가면 좋겠다.
그치 나도 요트한번 타보고 싶다.,드라마 같은데서 보면 재벌들이 데이트할 때 타잖아
맞아 ㅋㅋ 그런 거 보면서 대리만족 하고 있지,해외여행 가야 더 멋진 풍경을 볼 수 있지 않을까?
아냐 한국에서도 멋질 걸?,한번 타보고 싶다. ㅋㅋ
오늘 아침에 목이 너무 아팠어,왜 너네 방 난방 잘 안돼?
아직 솜이불을 안꺼냈거든,우리집도 외풍이 심해서 이제 추워
날씨가 갑자기 너무 추워진 것 같지 않아?,응 이제 보일러도 키고 이불도 잘 덮고 자야돼
겨울에는 이불안에서 귤까먹어야지,오 너 뭘 좀 아는 녀석이구나!
겨울엔 전기장판과 귤 필수템,맞아 그리고 겨울잠 쿨쿨하면 꿀휴식!
아 진짜 모공때문에 스트레스야,왜 그렇게 스트레스 받아해
아니 아무리 화장을 해도 커버가 안돼,모공 프라이머 사용해 봤어?
그거 가지고 될 게 아니야 지금,시술은 효과가 많이는 없다던데
그냥 이렇게 살아야 되나봐,걱정마 사람들이 많이 신경 안써~
거울 볼때마다 기분이 별로야,내가 재생크림 선물해줄게
너 만화 보는거 좋아해?,뭐 애니메이션 같은거?
어 뭐 애니 영화라던가,엄청 찾아보진 않는데 보긴 봐
나는 디즈니 진짜 좋아하거든,아~ 나도 어릴 때 디즈니 많이 봤어
아침에 일요일에 만화볼라고 일어났잖아,너도? 나도 맨날 그랬는데
101마리 강아지 진짜 좋아했었다,헐 기억나 엄청 귀여웠었는데
너네 집 근처에 편의점 많아?,아니ㅠㅠ 걸어서 쫌 나가야 돼
엄청 불편하겠다,응 집 고르는데 편세권도 진짜 중요해
그러니까 우리 집 밑에는 편의점 있어서 너무 편해,진짜 부럽다 나는 편의점 가려면 많이 걸어야해
특히 자취생들은 편의점 필수 잖아,그치 집 주변 환경중에 그거 제일 필요해ㅠㅠ
그래도 너네 집 근처는 깨끗하고 조용하자나,그건 그래 ㅋㅋ 층간 소음도 없고
그냥 평생 아르바이트나 하고싶다,그럼 큰 돈 못벌잖아
괜찮아 그냥 이렇게 살지 뭐,입에 풀칠만 하면서?
입에 풀칠하는게 얼마나 힘든데,그래도 나이들면 어느정도 자리 잡아야지
그게 걱정이 되긴 한다,나이 먹으면 돈 들어갈 일도 많고
맞아 회사 일단 다니면 이득이 많으니까,그래 보험이나 이런 복지도 있고 하니까
혼자사니까 가족들이 그리워,혼자 산지 오래 됐어?
한 4년 된 것 같아,그럼 정말 보고싶을만하다
고향도 멀어서 자주 못가,헉 너 고향이 어디랬지?
경상도 지방이라 오래걸려,향수병 걸리지 않게 조심해
응 친구들이랑 시간 보내야지,가족이랑 영상통화도 자주하고 그래
어제 소개팅 어땠어?,말도마 완전 최악이었어
왜 무슨 일이 있었던거야!,처음에 약속시간부터 어겼어
지각한거야 첫만남에?,응 30분 넘게 늦게 왔어
주선자한테 따져보지 그랬어,그래서 이미 기분 나빠서 밥도 꾸역꾸역 먹었어
외모도 네 스타일이 아니였나보네,응 완전 사진빨 심하더라
너 구피 키워본 적 있어?,아니 난 물고기 별로 안 좋아해ㅠㅠ
ㅠㅠ나도 좋아하진 않지만 물고기는 손 많이 안 갈 것같아서 하하,그렇긴 하지 하하 그래도 난 물 갈아주는게 너무 번거로울 것 같아/고슴도치는 어때?
고슴도치 장도연이 키우는거 보니까 귀엽더라 안아플까?,손 타면 안 찌른데!
아진짜? 오 귀여울 것 같은데? 고슴도치도 비싸려나,그건 잘 모르겠다 나도 고슴도치 한번 키워보고 싶다 ㅋㅋ
ㅋㅋ 고슴도치 찾아보니까 엄청 귀엽네! 마음이 끌린다 ㅋㅋ,그치! 키우면 나도 보여줘~
저기 골프 쳐봤어?,아니 나 한번도 안해봤는데
아 그래? 나도 한번도 안해봐서 궁금했어.,요즘 많이 치러다니잖아
응 그렇더라. 생각보다 레슨비가 그렇게 안비싸던데,응 그래서 이젠 예전보다 많이 하는 것 같아.
응응 나도 예전엔 골프친다고 하면 부자인 줄 알았는데 요즘은 아닌 것 같아,응 나도 요즘 관심 있었는데 한번 배워볼까?
배워두는 것도 좋을 것 같아.,응 개인레슨 한번 알아봐야겠다.
오늘 낮 날씨 진짜 따듯하다,맞아 니트만 입고 나갔는데 안 추웠어
나는 그런 줄도 모르고 경량패딩 입고 와서 너무 더워ㅠㅠ,날씨가 진짜 오락가락이야
그러게ㅠㅠ 오늘도 옷 선택 실패한 것 같아 ㅋㅋ,요즘 진짜 날씨 맞추기 어려워
이제 조금 있으면 날이 조금 풀린다더라,맞아! 주말에 따뜻했으면 좋겠다!
주말에 따듯해야 예쁜 옷 입고 나갈텐데!,단풍놀이 가야지~
인도랑 네팔에 홍수났대,헐 지금 겨울 아니야?
그러니까 거기도 이상기후인가,그 동네 홍수는 완전 저세상 홍수잖아
맞아 한 200명이래 사망자만,그럼 실종자까지 합치면 더 많겠네
자연이 진짜 무섭다 무서워,진짜야 암튼/거기는 난리겠다
코로나에 자연재해까지 겹치다니,얼마나 힘들까 지금
너 공짜로 머리하는법 알아?,공짜로? 어떻게 하는데?
인터넷에 미용실 체험단 쳐봐,검색해보고 올게 잠시만
응 거기서 지역보고 신청해,나 방금 신청했어 고마워!
이렇게 하면 머리 공짜로 가능해,파마나 염색도 해줘?
응 시술 종류별로 다 있어,고마워 진짜 꿀팁이다
영화표 예매해야되는데 참,영화 보기로 했어?
어 남친이랑 오랜만에 영화보기로함,남친이 너보고 예매하래?
아니 내가 통신사 할인이 되거든,오 뭐 공짜로 끊을 수 있고 그래?
어 1인 무료에 1인은 반값,헐 혜택 완전 꿀인데
어플에서 해야되거든,그래도 그정도 할인이면 완전 이득이지
나 이제 슬슬 자기소개서 다시 써봐야할 것 같아,왜? 갑자기 이직 준비하게?
"응, 여기 회사 너무 힘들어서 준비 좀 해야겠어",그래 잘 생각했어./근데 자기소개서라니ㅠㅠ 생각만해도 너무 싫다
그치 나도 다시 시작하기 싫은데 이직은 욕심나고 ㅋㅋ,ㅠㅠ 이직하려면 어쩔 수 없지
응 진짜 예전에 뭐했는지 잘 기억도 안난다,예전에 썼던 것 좀 참고해서 봐봐
그래야 겠어ㅠㅠ 이 나이에 자기소개서라니,열심히 해봐야지! 파이팅
너 가족들한테 돈 잘써?,음 어떤 돈 말하는거야?
뭐 외식하면 외식비라던가~,아 외식비는 아빠가 결제해
그럼 용돈같은거 드려?,용돈은 주기적으로 드리고있어
와 너 참 어른스럽다,에이 나도 이제 돈 버니까 갚아야지
나 갑자기 불효녀 된 거 같아,아니야 다 사정이 다르니까!
너 소개팅 앱 해본적 있어?,아니 요즘 많이 하던데
너무 외로워 요새~,너도 어플 가입해보게?
응 무료라길래 한 번 해보게,후기 궁금하다 직접 만나?
대화 좀 하다가 실제로 만난대,그래도 세상이 흉흉하니까 조심해
안그래도 그 부분이 좀 걱정이야,안전한 낮에만 꼭 만나고!
앵무새 한번 키워 볼까?,앵무새가 진짜 똑똑하자나
맞아 말도 하고 사람이랑 싸우기도 하자나 ㅋㅋ,진짜 신기해 ㅋㅋ 나도 인사 가르치고 싶다
집에 올 때 마다 인사 해주면 진짜 좋겠다,응 ㅋㅋ 훈련 진짜 잘 시킬 자신 있는데
너도 머리채 잡히는거 아니야? ㅋㅋ,맞아 ㅋㅋ 그럴 수도 있어
근데 애교도 많아서 귀여울 것같아,그건 그래 하하 손에도 올라오고
나 쌍수했는데 망한 것 같아,왜? 자연스러워 보이던데?
한 쪽이 짝짝이 같아,별로 티 안나!
내 눈에만 보이는건가,응 남들은 별로 관심 없을거야
그래도 너무 속상해,그럼 재수술은 어때?
다시는 수술하고 싶지 않아,많이 아팠나보네 수술이
너 한국 감독 중에 누구 좋아해?,나는 박찬욱 감독이 좋더라 ㅋㅋ/아가씨 제일 좋아하는 작품이야
진짜? 나는 최동훈 감독 좋아하는데,그 도둑들이랑 암살 만든 감독?
응! 진짜 영화 너무 재밌게 잘 만들지 않아?,맞아 그 감독은 전부 흥행 했더라
타자도 그 감독 영화야!,와 진짜 다 흥행했네 대박이다 ㅋㅋ
그치 ㅋㅋ 곧 차기작 나온다는데 기대 중이야,그래? 같이 보러가자!
너네 회사 복지는 어때?,"복지는 뭐, 복지라고 자랑할만한게 없네"
그치? 우리 회사도 마찬가지야,"에휴 무슨 복지야,, 월급이나 올려줬으면 좋겠다."
"맞아, 근데 복지가 좋아져야 사람들이 오래 근무하지 않을까?","그렇지, 너네 회사는 노조 있어?"
응 있지. 분기별로 안건을 건의할 수 있어.,오 그러면 좋겠다~ 안건도 많이 올라오나?
생각지도 못한 아이디어들이 나와서 그래도 요즘 조금 좋아진 것 같아.,오 대박이네? 부럽다~
할머니 보고싶다 요즘,오 너 할머니랑 좀 친해?
응 어릴 때 할머니랑 거의 같이 살았어,아 진짜? 나는 할머니랑 전혀 안친한데
나 한 5살 때까지는 할머니랑 살았어,근데 어릴 때 그렇게 해도 나중에 안친하지 않나/부럽다 나는 외할머니 친할머니 둘 다 안친한데
나는 할머니랑 되게 가까이 살았어서,하긴 나는 멀어가지고 친해질 기회가 없었지
너 생각해둔 이상형 있나?,나 그냥 잘 맞는 사람 좋아해
뭐가 잘 맞아야 잘맞는거지?,성격 같은 부분이 맞는거?
어떤 성격 좋아하는데?,나는 자상한 사람이 좋아
츤데레는 어때 나쁜남자,어 그거 내가 제일 싫어하는거야
나쁜 남자는 스타일이 아니구나,난 착한 남자가 좋아
강아지 산책 갔다가 지금 집왔다,얼마나 산책해?
음 거의 1시간 정도 산책하는 편이야,너도 운동 되고 좋겠다
응 ㅋㅋ 강아지가 산책을 많이 하니까 분리 불안도 없어졌어!,진짜? 역시 강아지들은 산책이 답인가봐
응 진짜 매일 한시간씩은 나가줘야 해!,넌 진짜 성실한 견주다
아냐 이건 당연히 해야 하는거야 !,넌 강형욱 선생님한테 안 혼나겠다
피부 레이저 시술 받고싶다,레이저 시술 어떤거?
모공이랑 잡티 케어 하는거!,레이저 받아본 적 있어?
응 저번에 한번 해봤어,따갑거나 아프진 않았어?
되게 따끔하고 아프긴 해,난 겁이 많아서 그런거 못하겠다
잠깐만 참으면 괜찮아,한 번 용기내서 해볼까...
어벤져스에 자막 오류 많은거 알지?,응 ㅋㅋ 마지막에 닉 퓨리가 엄마 찾자나 ㅋㅋ
맞아 진짜 닉 퓨리 효자인줄 ㅋㅋ,ㅋㅋ 그거 말고도 너무 많자나
그니까 영화에서 번역가의 중요성을 새삼 느꼈다,진짜 중요하더라 영화 내용이 아예 바뀌니까
맞아 진짜 중요한 순간에 오역을 하면 큰일나지,어벤져스는 진짜 심했어
그 번역가가 한 영화는 보기 싫어졌자나,맞아. 나도 보기 싫어지더라
너네 회사는 요즘 회식 해?,아니 우리는 코로나 터지고 나서 회식 안해
맞아 우리 회사도 회식을 안해서 회식비를 점심값으로 써,ㅋㅋ 그럼 좋겠네 식비도 안들고
그치 근데 퇴근하고 저녁에 맛있는 음식 먹는게 더 좋은데ㅠㅠ,회식이 좋아? 대부분 회식 싫어하잖아
나는 그래도 회식할 때 재밌어서 좋은 것 같아.,너 정말 특이하다 ㅋㅋ
맞아 내 친구들도 다 그소리해,나는 회식 좋다고 하는 사람 처음 봤어
휴가 때 가족여행 계획 짜는 중~,헐~ 너 휴가 아직 남았어?
겨울에 온천갈려고 3일 남겨뒀지~,와 대박 너 철저하다
부모님 생신이라서 기념으로,너 효자다/진짜 신경 많이쓰네
이정도는 해드려야지 내가,대단하다/난 그냥 용돈드리는데
대신 용돈은 따로 안드려,가족여행이 돈 더 많이 들겠다
넌 이상형이 뭐야?,음 성격이나 코드 맞는 사람?
어떤게 잘 맞아야한다고 생각해?,여러가지가 잘 맞아야지
제일 중요한게 뭐야?,다정다감한 성격이 필수야
맞아 다정함이 최고라했어,다정하고 착한 사람 만나고싶다
그런 사람 어딨을까?,알면 내가 이러고 있겠니
너 성형중독 걸린 사람 봤어?,헐 내 옆자리에 딱 있어
강남미인상 실제로 있어?,응 너도 보면 알걸?
성형 중독이 그렇게 무섭다며,그건 마음의 병이래
부작용도 어마어마하던데,돈도 엄청 들거야
예쁜데 왜 더 고치는거지,그러게 인간의 욕심은 끝이없나봐
너 여신강림 웹툰 봐?,응! 너 서준이야? 수호야?
당연히 수호지ㅠㅠ,난 서준이야! 요즘 서준이 분량 너무 없어서 서운해ㅠㅠ
맞아 서준이 너무 안 나오더라 ㅋㅋ 서준이도 좋은데,주경이도 너무 예뻐
화장 기술 진짜 좋아 ㅋㅋ,그러니까 어떻게 그렇게 변하지?
완전 변신술이야 ㅋㅋ,그래도 예쁘잖아ㅠㅠ
내년엔 연봉이 얼마나 오를까,이제 2020년도 끝나가네
응 그래서 슬슬 걱정된다.,"연봉도 올려주는 한계가 있으니까,"
맞아ㅠㅠ 한번에 확 올려주면 좋은데,"그치, 근데 대부분 회사가 안그렇지"
맞아. 그런 회사 어디 없나?,있으면 나도 가고싶다.
ㅋㅋ 같이 가자 그런곳 있으면,좋지. 같이 일하면 재밌을거야
나랑 언니 닮았어?,응 ㅋㅋ 완전 쌍둥이인줄 알았어 ㅋㅋ
진짜? 난 모르겠는데 주변에서는 다 닮았다고 해,그럼 진짜 닮은거야 ㅋㅋ
그런가? ㅋㅋ 넌 오빠랑 닮았어?,아니 ㅋㅋ 우리는 전혀 안 닮았어
ㅋㅋ 성격도 완전 반대자나?,응 ㅋㅋ 오빠랑 진짜 안 맞아
그래도 오빠 있는 거 부러워,그럼 너네 언니랑 바꿀래? ㅋㅋ
너는 연애 오래하는 스타일이야?,나는 좀 금방금방 질려하는 스타일
질릴 때마다 헤어지는?,그런 것 같아 아무래도
하긴 마음이 식으면 헤어져야지,맞아 붙잡고 시간만 보낼 순 없잖아
상대방은 근데 황당할듯,인정 갑자기 헤어지자고해서 어이없을 듯
나는 이제 정착하고 결혼하고 싶다,안돼 연애 좀 더 해보고 가야지~
어제 네일아트 스티커 득템했어,네일아트 스티커는 뭐야?
젤네일처럼 보여지는 스티커야!,스티커?그럼 떨어지지 않아?
응 붙여서 잴램프로 굳혀!,와 신기하다 젤램프라니
요즘엔 셀프 네일 참 잘돼있어,그러네 네일샵 갈 필요 없겠다
나중에 우리집 오면 해줄게,응 손톱 발톱 다 부탁해
하울의 움직이는 성 ost 들어 봤어?,제목이 인생의 회전목마 인가?
맞아 노래 너무 좋지 않아?,맞아 ost좋지만 영화도 너무 좋아
응 나 그거 스무번은 넘게 봤어!,진짜 많이 봤다 ㅋㅋ 하울 너무 멋있어ㅠㅠ
ㅋㅋ 맞아 볼 때마다 감탄이지 ㅋㅋ,ㅋㅋ 색감도 너무 예쁘고 너무 좋아
지브리 스튜디오 영화는 색감이 다 너무 예뻐,그래서 매니아도 많은것 같아
나 이번에 맡은 프로젝트가 너무 커서 힘들다.,왜 어떤 프로젝트인데?
타 회사랑 협력하는 건이라서 하하 벌써 긴장되네,에이 아직 시작도 안했는데 겁부터 먹지마
그치? 나는 이렇게 큰 프로젝트 처음 해봐서 ㅠㅠ,잘 할 수 있을거야!/어차피 협력 건이면 다른 사람들도 많이 도와주겠지
"휴, 갑자기 걱정이 사라지는 것 같아 ㅋㅋ",그래 편하게 생각해!/그리고 성공하면 너 실적도 반영 되고 좋지
그것도 그렇지. 나도 최선을 다해야겠어.,그래 열심히 해봐
내일 할아버지 제사라서 집에 일찍 들어가야 해,우리 집은 제사 안 지내는데
진짜? 우리집은 1년에 열번 넘게 있어,완전 종갓집이네 ㅋㅋ
엄청 많지? ㅋㅋ,힘들지 않아?
나보다는 엄마가 고생이지ㅠㅠ,맞아 아버지는 많이 도와주셔?
다른 집안에 비하면 많이 돕는 편이야,우리 아빠도 직접 전 부치셔 ㅋㅋ
이번 연애도 오래하긴 글렀어,이번엔 그래도 100일 넘겼잖아?
꾸역꾸역 어떻게 넘긴 했어,너 혹시 금사빠야?
응 약간 금사빠인 것 같아,그게 문제라고 본다 나는
그래도 사랑하는 순간만큼은 진심이라구,그 진심을 오래 유지해야지
내 짝이 언젠가 나타나지 않을까?,그럼 뭐해 금방 또 시들해질거면서
너 한라산 등산 해봤어?,아니 한라산 우리나라에서 제일 높잖아!
응 그래서 도전해보고싶어,서른살 여자라면 한라산 정상 찍어봐야지
너도 김삼순 봤구나?,응 자전거 타고도 오른다던데?
정상은 아니고 다른 코스일거야,하긴 현무암 돌산이라 위험하겠다
겨울에 같이 등산 갈래?,좋아! 눈쌓이고 운치있겠다!
얼굴 좀 갈아 엎고 싶다,에이~ 그정도는 아니다
눈이랑 코랑 입꼬리랑 다 하고싶은데,정 하고싶으면 하나만 해
코를 고치는게 인상이 제일 변한대,맞아 코가 얼굴에서 제일 입체적이잖아
나 아는 언니도 필러 맞았던데,그 언니는 예뻐졌어?
완전 성공했어 티도 안나고,티 안나는게 제일 힘든데 잘됐네
너 영화 장고 봤어?,아니 그게 뭐야?
집에서 봤는데 진짜 너무 재밌었어 ㅠㅠ,불법 다운로드 한건 아니지?
당연히 돈 주고 본 거지!,맞아 불법 다운로드 하면 안돼
당연하지! 너도 장고 한번 봐봐! 추천이야!,응 ㅋㅋ 나도 오랜만에 영화 결제 해야지
너도 영화 추천해줘!,나는 킬링디어 추천할게!
우리 이번에 생일자 포상으로 복지 생겼다?,생일이면 돈주는거야?
돈은 아니고 백화점 상품권!,우와 대박! 진짜 좋네?
응 역시 노조가 생겨서 그런지 좋더라고,그러게~ 부럽다. 백화점 상품권이라니
맞아 돈으로 주면 좋을텐데 말이야,하긴 근데 돈으로 주는 곳은 없을 것 같아
ㅋㅋ 그것도 그렇지 아무튼 이거로 차곡 차곡 모아서 좋은거 사야겠다.,그래 차곡차곡 모아서 쇼핑하러 가야지
남자친구랑 싸웠어,왜? 무슨 일 있었어?
동창회에 남자도 있다고 못 가게 하는거야,그것 때문에 싸웠어?
응 친구들 오랜만에 보고 싶은데,네가 잘못했네 남자친구가 싫어 할만해
진짜? 너도 그렇게 생각해?,응! 나도 이성 간에 친구는 없다고 생각해
그렇구나ㅠㅠ 가지 말아야겠다,그래 얼른 화해해
축구 보는 거 좋아해?,그닥 좋아하지는 않는데 보러 간 적은 있어
오 어떤 경기 보러갔는데?,월드컵 예선 경기였었나?
어느 나라랑 한 건지 기억나?,어 그것까진... 그냥 오빠 따라 간 거라
그렇군 그래도 재밌었어?,응 생각보다 잘 보이고 응원도 재밌었던 듯
나랑도 나중에 경기 보러가,오케 재밌겠다/친구들 모아서 가자
헤어오일 하나 사야겠다,쓰던 거 거의 다 써가나보다
어 원래 싼거 원쁠원 썼었어,나도 맨날 세일하는 거만 사는데
근데 이번엔 좀 좋은거 사볼까 싶기도,좋은 건 진짜 가격 좀 쎄더라
그니까 엄청 천차만별이던데,티트리 오일 함유된게 좋대
맞아 그거 탈모방지 성분인 듯?,내가 써보고 효과 있나 말해드림
만화 중에 인사이드아웃 있잖아,응 그거 픽사에서 만든거자나
거기서 나온 오프닝 영상 봤어?,만두가족 이야기?
응 ㅋㅋ 너무 귀여워,맞아 이번에 소울에 나온 오프닝 영상도 대박이야
그것도 빨리 봐야겠다!,아직도 못 봤어? 빨리 봐!
웅 하하 오늘 당장 본다!,ㅋㅋ 진짜 귀엽고 영화도 재밌어
회사생활이 너무 힘들어서 매일 퇴사만 생각하는 것 같아,퇴사?ㅠㅠ 너 거기 오래다녀서 그런거 아냐?
그것도 그렇지 ㅋㅋ 지금이 딱 퇴사하기 좋은 시점 같지 않아?,원래 3년 5년 10년 이렇게 찾아온대잖아. 퇴사 하고 싶은 시점이
그래서 내가 요즘 이런가? 어떤 일도 안하고싶어져 ㅋㅋ,일하기 좋아하는 사람이 있을까?
"있을걸? 우리 팀장님은 그러신 것 같아, 항상 즐겁게 일하셔",그런 사람이 있어?
"응, 근데 나는 재미있을 때도 있긴 해서 마음이 오락가락해",그러면 일단 조금 더 다녀 보면서 생각해봐
주변에 군대 가는 사람 있어?,나는 다 제대 했지
그럼 주변에 군인 친구는 있어?,응 나 군인친구 있어 왜?
아니 오늘 군인 지나가는걸 봤는데 지쳐보여서 물어봤어,군대 훈련이 힘들었나?
그런가봐 내 친구들도 예전에 군대 가기 엄청 싫어했어ㅠ,싫어하는데는 이유가 다 있는거겠지?
그렇겠지 군대 이년 동안 훈련하느라 다들 고생이겠네,그렇지ㅠㅠ 근데 우리 나라가 의무라 어쩔수 없지ㅠㅠ
결혼 준비하는거 너무 힘들다,많이 준비했어?
예식장 예약하고 이제 드레스랑 메이크업 남았어,아직도 할 게 많네
응 청첩장도 만들어야 돼,준비하면서 남자친구랑 안 싸웠어?
엄청 싸우고 있어... 진짜 안맞는거 같아ㅠㅠ,ㅋㅋ 결혼 준비 할때는 다들 그런다고 하자나
그렇겠지? 우리만 그런거 아니겠지,그럼 그러다 파혼하는 경우도 있자나ㅠㅠ
스키 타는 계절이 돌아왔네,스키장 간 지 진짜 오래됐다
나는 작년에 갔었어,헐 나빼고! 누구랑 갔어
남자친구랑. 남친이 스키를 잘타거든,헐 좀 잘 사는 거 아님?
그런 건 아닌데 원래 어릴 때부터 탔나 봐,야 스키 완전 고급 스포츠라고
아니야 이번에는 스노우보드 배울거래,스노우보드는 스키보다도 어렵다던데
너 앞머리 모류 교정 알아?,헐 나 그거 완전 받고싶어
나도 곱슬이라 맨날 앞머리 휘어,근데 그거 비싼것 같더라
진짜?셀프로도 할 수 있던데,돈도 아까운데 한번 집에서 해볼까
유튜브 보고 따라하면 될 듯?,오 너도 할거면 우리 같이해볼래
응 좋아! 나도 해보고싶어,그래 그럼 내가 너 머리 먼저 교정해줄게
너는 영화 어떤 장르 좋아해?,음... 나는 장르는 딱히 안 가려
싫어하는 장르는 없어?,너무 잔인한 영화는 못 보는 편이야
나도 잔인한 영화 싫어해 ㅠㅠ,너는 좋아하는 장르 있어?
나는 요즘 멜로가 좋더라 하하,요즘 같은 날씨에 멜로 영화 딱이지
멜로 영화 추천해줘!,겨울에는 러브레터지 하하 !
주변에 결혼생활하는 거 보면 진짜 나는 비혼으로 살아야 하나봐,왜? 어떤데?
"시부모님 챙겨야 되고, 시누이 시동생까지...",맞아 그리고 애기 낳고 직장은 어떻게 다녀 ㅠㅠ
맞아 난 절대 두개 다 못해ㅠㅠ,다들 결혼은 최대한 늦게 하라고 하자나
"진짜 해도 걱정, 안 해도 걱정이다",ㅋㅋ 맞아 그냥 혼자 살아야 하나봐
그러자 ㅋㅋ 비혼식이라도 올려야지,그래 ㅋㅋ 축의금 보내줄게 ㅋㅋ
나 수영 배워보고 싶어,수영은 갑자기 왜?
내가 수영 아예 할 줄 몰라서,생존 수영이라도 꼭 배워둬
내말이 그말이야 그래서 배워야해,근데 요즘 시국때문에 힘들텐데
맞아 문 연 수영장이 없더라,마스크 끼고 수영은 좀...
조만간 수영 배워야겠다,욕조에서 잠수라도 먼저 연습해보는 건 어때?
나 퍼스널 컬러 받고 왔다 ㅋㅋ,와 ㅋㅋ 너 퍼스널 컬러 뭐래?
나 겨울 쿨톤이래 ㅋㅋ,의외다 ㅋㅋ 나도 궁금하다
너도 한번 해봐 ! 진짜 재밌어 ㅋㅋ,나는 뭐 같아?
음... 너는 봄웜?,봄웜? 그런가? ㅋㅋ 나도 예약해야겠다
받아 보고 후기 알려줘!,응응 받아 보고 알려줄게
너 스케이트 잘타?,뭐 얼음 위에서 타는 거?
어 아이스링크장 가봤어?,나 어릴 때 엄마 따라 많이 가봤는데
엄마 따라? 엄마가 스케이트 타셨어?,그 때 아마 한창 배운다고 다녔을 걸?
우와 너도 그럼 같이 배운거야?,나는 전문적으로 배우진 않았고
다음에 잠실에 타러 갈래?,롯데월드? 그래 재밌겠다
오늘 턱 끝에 필러 맞았다 ㅋㅋ,어때? 아프진 않아?
별로 아프진 않았어 ㅋㅋ,효과는 어때?
턱 끝이 쫌 뾰족해진 느낌이야 ㅋㅋ,나는 눈 밑에 맞고 싶다
나도 ㅋㅋ 눈 밑 꺼짐 진짜 심해ㅠㅠ,나는 다크써클도 심해서 더 문제야
나는 팔자 주름 걱정 ㅠㅠ,상담 한번 받으러 가자 ㅋㅋ
요새 스크린골프 엄청 치더라,내 주위에도 많이 치더라구
필드에 나가서 치는 건 비싸겠지?,한 번 가면 인당 30은 들 걸?
와 진짜 비싸다,그래도 매일 하는 경기는 아니니까
매일 하는 사람도 있겠지?,시간 많고 돈 많으면 매일 치겠지
부럽다 나도 골프나 배워볼까,요즘 강습 저렴한 곳 많대!
나 어깨가 너무 굽었어 ㅠㅠ,진짜 일자 어깨 너무 부러워
그러니까 난 축 쳐지고 굽었어,운동 많아 하면 펴지지 않을까?
그렇겠지? 골반 교정도 해야 되는데,맞아 나도 골반 틀어짐 진짜 심하데
골반이 틀어지면 온 몸이 틀어진데,진짜? 어쩐지 내 몸이 다 틀어진 것 같더라
스트레칭 많이 하면 좋아 지려나?,근데 근력도 엄청 중요한것 같아
너 골프 좋아해?,골프? 칠 줄도 몰라 ㅋㅋ
요즘 젊은 사람들도 골프 많이 즐기더라,아 그래? ㅋㅋ 나도 골프나 배워볼까
같이 배울래?,그럴까? 스크린 골프장 가서 게임도 하고
그러자 재밌을 것 같아!,부자들만 하는 건 줄 알았는데 ㅋㅋ
요즘은 많이 대중화 됐어,그런 것 같다 ㅋㅋ 한번 배워보자!
이번에 필러 맞아볼까?,어디 맞게?
코에 맞아보고 싶어,아프지 않을까?
주사니까 당연히 아프겠지?,응 내 친구 중에 맞은 사람 있는데 엄청 아팠다던데?
ㅠㅠ역시 예뻐지는건 아픔을 참아야 하나봐,그렇지. 병원 잘 알아보고 다녀와
응 검색해보고 다녀오려고,하하 다녀와서 후기 알려줘
이번 주말에 캠핑 갈래?,캠핑? 너 캠핑 장비 다 있어?
"응 나 다있어, 같이 가자",ㅋㅋ 캠핑가면 사서 고생이라던데 아니야?
사실 텐트치는게 정말 힘들긴한데 다 끝나면 보람있어,날이 추워서 가도 괜찮을지 모르겠다
괜찮아 전기장판도 내가 챙겨갈게,ㅋㅋ 너 진짜 없는 게 없구나?
그럼~ 당연하지. 나는 프로 캠핑러야,ㅋㅋ 그래 그럼 우리 같이 가보자
요즘 주름이 자꾸 생기는 것 같아서 고민이야,주름? 너 주름 없는 것 같던데
아냐ㅠㅠ 하나 둘 눈에 띄는 것 같아,에이 초기엔 화장품만 잘 발라줘도 괜찮지 않을까?
그런가? 나는 주름 개선 화장품 한번도 안 써봤는데,이번에 한번 써봐! 요즘 좋은 것 많이 나오더라
좋은건 비싸더라ㅠㅠ,역시 가격이 비싼 이유가 있는거겠지 한번써봐!
하하 알았어 내가 써보고 좋으면 너한테 추천해줄게,나도 요즘 주름 신경쓰였는데 고마워!
너 골프 쳐봤어?,골프? 스크린 골프만 쳐봤지
아 진짜? 어때 재밌어?,아직 몇번 안 가봐서 잘은 모르겠어
"나도 한번 시작해볼까 싶어서, ㅋㅋ 근데 하나도 몰라","일단 주위에 잘치는 사람한테 배워봐,/아니면 레슨이라도 받아보던지"
그치 처음에는 아무것도 모르니까 일단 배워야겠다.,응 나도 초보라 가르쳐줄 실력이 아니야ㅠㅠ
웅 그래도 큰 도움줘서 고마워,에이 뭘~ 나중에 같이 골프나 치러 가자
파이어 족이라고 알아?,나 그거 정확히 모르는데 아마 노후자금 마련하고 일 일찍 그만두는거 아니야?
맞아 그거야 ㅋㅋ 잘아네,나는 파이어족이 될수 있을까?
도전하면 아마 다 될걸?,언니는 몇살까지 일할거야?
그건 아직 모르겠어ㅠㅠ,나 얼마전에 기사 봤는데 43에 일 그만두고 제주도 가서 산대
우와ㅠㅠ 부럽다 어떻게 성공했대,투자에 성공한거지!
나 요즘 머리가 너무 많이 빠지는 것 같아ㅠㅠ,너 머리숱 많지 않았어?
나 어렸을 땐 진짜 숱 부자였는데,근데 너 지금도 머리숱 많아보여
아냐ㅠㅠ 머리카락이 길어서 그런지 빠지는게 눈에 잘보여,원래 머리카락은 빠지고 나고 싸이클이 있잖아
그래? 그럼 탈모는 아닌가?ㅠㅠ 괜히 걱정되길래,탈모가 초기 치료가 중요하긴 한데 너는 아직 그정도는 아닌것 같아
그럼 다행이다ㅠㅠ 그래 초기 관리가 중요하니까 샴푸라도 바꿔봐야겠어,맞아 요즘 탈모 샴푸 종류도 많고 잘 나온다더라구
머릿결이 푸석푸석해지는 것 같아.,이번에 파마해서 그런거 아니야?
그렇겠지?ㅠㅠ 나는 머리카락이 너무 얇아서 쉽게 상하는 것 같아,맞아 머리카락도 선천적일텐데ㅠㅠ
아냐 선천적이긴 하지만 2번정도 바뀐대,아 그래? 신기하네
응 나 어렸을때 지금보다 훨씬 심한 곱슬이었는데 지금은 그렇게 안심해,ㅋㅋ 생머리로 바뀌진 않고 덜 심해졌네?
응 그래도 이게 어디야 어렸을 땐 정말 스트레스였어,지금은 반곱슬이라 더 예쁜 것 같아. 나는 부러워~
요즘 체형 교정하는 곳이 많이 생겨나는 것 같아,그래? 나도 요즘 체형 교정 관심있는데
가면 뭐 해주려나?,일단 현재 상태에 대해서 진단해주지 않을까?
그렇겠지? 근데 체형교정은 단기간에 하기엔 어렵지 않나,꾸준히 다녀야할걸?
어휴 그러면 또 돈많이 들겠네,그렇지. 그리고 좀 아플 것 같아
맞아 경락도 진짜 아프잖아,예뻐지는데엔 아픔이 따르는 것 같아ㅠㅠ
너 지난번에 퍼스널컬러 받아 보고 왔다고 햇나?,응응 받아 보고 왔지
어땠어? 나도 한번 받아 보고 싶다.,나는 정말 좋았어
어떤 점이 좋았어?,나한테 어울리는 색을 알 수 있더라고
색을 아는게 중요한가?,"그렇지, 나와 가장 밀접한 관계에 있잖아"
하긴 화장도 그렇고 옷도 그렇고 색 선택이 중요하긴 하네,응 나는 진짜 돈이 아깝지 않았어. 너도 받아봐
보톡스 맞아본 적 있어?,보톡스? 아니 ? 너 맞으러 가려고?
관심은 있는데 아무래도 겁이 많아서 ㅋㅋ,맞아 너 주사 무서워하잖아
응 ㅠㅠ 주사는 무섭고 예뻐지고는 싶어 ㅋㅋ,모든 여자들이 다 그렇지 않을까?
그것도 그래 ㅋㅋ 주위에 맞았다는 후기 들어본 적 있어?,주위에는 없고 그냥 인터넷에서 후기만 봤던 것 같아.
어떻대? 만족스럽대?,사람마다 다 다른것 같아./근데 나는 안하는게 좋을 것 같아
낮은 나름 덥고 밤에는 엄청 추워ㅠㅠ,맞아 그래서 감기 걸리기 딱 좋은 날씨야
근데 마스크 쓰고 다녀서 감기 적게 걸린대,그렇긴 한데 날씨가 변덕이라서 걸릴 확률이 높은 거 같아
그럴수도 있지 그럴때일수록 옷을 따뜻하게 입어야돼,맞아 그래서 나 오늘 패딩입었어
패징을 입었어? 벌써? ㅋㅋ,응 따뜻하게 입으라매 ㅋㅋ
그래도 패딩은 너무 일러 ㅋㅋ,아니야 롱패딩 보단 나아 ㅋㅋ
이번에 007 영화 나왔대,나 보고 싶었는데 아직 못봤어ㅠ
아 그래? 왜 못봤어?,영화관에서 나왔는데 코로나 때문에 영화관을 못갔어ㅠ
나는 그래서 007 내일 가서 볼려고!,너는 영화 예매했어?
아직 안했는데 요즘은 자리 많아서 보기 전에 해도 돼,그래? 그래서 낼 몇시꺼 보게?
아마 3시꺼 볼려고 왜?,아니 그냥 ㅋㅋ 보고서 후기 알려줘
요즘 전세가 있긴해?,가끔 드물게 있대 왜?
나 이번에 곧 이사잖아...,그래서 전세로 갈려고?
응 이번 집에서 전세가 올려달래서 옮길려고,아 정말? 어디로 가게?
아직 안정했는데 지금 가격선으로 알아봐야지,근데 전세 지금 잘 안나와서 걱정이겠다
맞아 그래서 아직 이사 기간 남았는데 알아보고 있어ㅠ,곧 좋은 전세 나올거야 걱정마!
오늘은 팩하고 자야겠다,일일 일팩 하는거야?
아니 그거는 도전했는데 실패했어ㅠㅠ,해봤는데실패했어? 왜?ㅠㅠ
그거 은근히 하기 어려워ㅠㅠ,맞아 나도 팩 해야지 생각하고 맨날 미루게 되더라
오늘은 그럼 같이 팩 붙히고 자자,좋은 생각이야 그럼 나도 이따 세수하고 팩 할게
응 그럼 하고서 인증사진 보내줘,응 알겠어 이따가 보내줄게!
아르바이트 면접 언제야?,내일 아르바이트 면접이야!
무슨 아르바이트 지원했어?,나 카페 아르바이트 지원했어
카페는 경력자 원하지 않아?,맞아 나 전에 카페 경력 일년 정도 있어서 괜찮을걸?
아 맞네 ㅋㅋ 너 카페 일했었네,응 근데 까먹었긴 한데 일 배우면 또 다해
맞아 그렇긴하지 내일 면접 잘 보고와,응 붙으면 말해줄게!
